Log_ID,Request_ID,Old_Status,New_Status,Changed_By,Change_Timestamp,Change_Message,Reason
1,1,Pending,Approved,150076,2024-10-23 03:41:09.174328+00,Request was approved by the manager,
2,1,Approved,Withdrawn - pending,150076,2024-10-23 04:08:21.802849+00,Staff attempts to withdraw request,
8,2,,Pending,150076,2024-10-25 17:18:17.976693+00,New request created by staff.,Requested for personal work
9,2,Pending,Rejected,150076,2024-10-25 17:18:17.976693+00,Request rejected by manager.,Does not meet criteria
10,2,Pending,Withdrawn,150076,2024-10-25 17:18:17.976693+00,Request withdrawn by staff.,No longer needed
25,224,Pending,Pending,150076,2024-10-29 10:15:58.828047+00,Request created successfully,I want to go shopping
29,231,,Pending,150076,2024-10-29 11:09:45.473459+00,Request created successfully,Testing
31,142,Approved,Withdrawn - Pending,150076,2024-10-29 11:38:36.35905+00,Request withdrawn successfully,Test
33,231,Pending,Withdrawn,150076,2024-10-29 11:49:38.367537+00,Request cancelled successfully,Test
40,240,,Pending,150076,2024-10-30 06:00:00.617995+00,Request created successfully,flying to france
41,240,Pending,Withdrawn,150076,2024-10-30 06:01:35.119809+00,Request cancelled successfully,"french boyfriend dumped me, putain!"
45,247,,Pending,150076,2024-10-31 17:18:23.814481+00,Request created successfully,"pending request for testing, do not delete"
47,224,Approved,Withdrawn - Pending,150076,2024-10-31 18:29:02.31243+00,"Attempt to withdrawn successful, waiting for approval",rejection test
48,224,Approved,Withdrawn - Pending,150076,2024-10-31 18:30:22.422848+00,"Attempt to withdrawn successful, waiting for approval",rejection test
49,224,Approved,Withdrawn - Pending,150076,2024-10-31 18:30:39.566188+00,"Attempt to withdrawn successful, waiting for approval",rejection test
56,247,Pending,Withdrawn,150076,2024-11-03 07:53:59.441528+00,Request cancelled successfully,Testing 123
58,255,,Pending,150076,2024-11-04 06:09:02.261596+00,Request created successfully,Testing
59,256,,Pending,150076,2024-11-04 06:22:52.464207+00,Request created successfully,conflict
60,257,,Pending,150076,2024-11-04 06:24:26.273007+00,Request created successfully,testing
64,263,,Pending,150076,2024-11-04 07:11:15.373+00,Request created successfully,auth store
65,256,Approved,Withdrawn - Pending,150076,2024-11-04 07:26:24.505357+00,"Attempt to withdrawn successful, waiting for approval",Testtttt 256
67,224,Approved,Withdrawn - Pending,150076,2024-11-04 09:33:46.118439+00,"Attempt to withdrawn successful, waiting for approval",rejection test
68,268,,Pending,151408,2024-11-04 10:34:50.491329+00,Request created successfully,jack bby ive been working too hard <3333
69,248,Approved,Withdrawn - Pending,150076,2024-11-04 10:36:04.777853+00,"Attempt to withdrawn successful, waiting for approval",test
70,250,Approved,Withdrawn - Pending,130002,2024-11-04 10:39:18.443827+00,"Attempt to withdrawn successful, waiting for approval",test
71,257,Approved,Withdrawn - Pending,150076,2024-11-04 10:39:50.456373+00,"Attempt to withdrawn successful, waiting for approval",testing
80,279,,Pending,150076,2024-11-04 11:55:14.502315+00,Request created successfully,Testing
81,263,Pending,Withdrawn,150076,2024-11-04 11:55:48.856494+00,Request cancelled successfully,Test
83,249,Approved,Withdrawn - Pending,150076,2024-11-04 11:56:18.156611+00,"Attempt to withdrawn successful, waiting for approval",Testing
84,279,Pending,Withdrawn,150076,2024-11-04 12:24:23.892208+00,Request cancelled successfully,test cancel
85,279,Pending,Withdrawn,150076,2024-11-04 12:36:57.71199+00,Request cancelled successfully,test cancel
89,284,,Pending,151408,2024-11-04 17:45:39.959913+00,Request created successfully,I deserve to have a break
90,285,,Pending,150342,2024-11-04 17:51:46.154954+00,Request created successfully,booking flights
91,279,Pending,Withdrawn,150076,2024-11-04 17:57:08.019603+00,Request cancelled successfully,test cancel
93,224,Approved,Withdrawn - Pending,150076,2024-11-04 17:57:57.000804+00,"Attempt to withdrawn successful, waiting for approval",rejection test
94,279,Pending,Withdrawn,150076,2024-11-04 18:47:52.714985+00,Request cancelled successfully,test cancel
96,224,Approved,Withdrawn - Pending,150076,2024-11-04 18:47:53.901535+00,"Attempt to withdrawn successful, waiting for approval",rejection test
97,279,Pending,Withdrawn,150076,2024-11-04 18:49:27.652069+00,Request cancelled successfully,test cancel
99,224,Approved,Withdrawn - Pending,150076,2024-11-04 18:49:28.817634+00,"Attempt to withdrawn successful, waiting for approval",rejection test
100,279,Pending,Withdrawn,150076,2024-11-04 18:55:33.705109+00,Request cancelled successfully,test cancel
102,224,Approved,Withdrawn - Pending,150076,2024-11-04 18:55:34.992108+00,"Attempt to withdrawn successful, waiting for approval",rejection test
103,279,Pending,Withdrawn,150076,2024-11-04 18:57:07.793584+00,Request cancelled successfully,test cancel
105,224,Approved,Withdrawn - Pending,150076,2024-11-04 18:57:08.838397+00,"Attempt to withdrawn successful, waiting for approval",rejection test
106,279,Pending,Withdrawn,150076,2024-11-04 19:05:49.581144+00,Request cancelled successfully,test cancel
108,224,Approved,Withdrawn - Pending,150076,2024-11-04 19:05:50.775116+00,"Attempt to withdrawn successful, waiting for approval",rejection test
109,279,Pending,Withdrawn,150076,2024-11-05 02:08:34.43397+00,Request cancelled successfully,test cancel
111,224,Approved,Withdrawn - Pending,150076,2024-11-05 02:08:35.797143+00,"Attempt to withdrawn successful, waiting for approval",rejection test
112,279,Pending,Withdrawn,150076,2024-11-05 12:53:46.381497+00,Request cancelled successfully,test cancel
114,224,Approved,Withdrawn - Pending,150076,2024-11-05 12:53:47.592268+00,"Attempt to withdrawn successful, waiting for approval",rejection test
115,279,Pending,Withdrawn,150076,2024-11-05 12:54:02.092335+00,Request cancelled successfully,test cancel
117,224,Approved,Withdrawn - Pending,150076,2024-11-05 12:54:03.321266+00,"Attempt to withdrawn successful, waiting for approval",rejection test
118,279,Pending,Withdrawn,150076,2024-11-05 12:57:27.538584+00,Request cancelled successfully,test cancel
120,224,Approved,Withdrawn - Pending,150076,2024-11-05 12:57:28.765624+00,"Attempt to withdrawn successful, waiting for approval",rejection test
121,279,Pending,Withdrawn,150076,2024-11-05 12:58:28.190296+00,Request cancelled successfully,test cancel
123,224,Approved,Withdrawn - Pending,150076,2024-11-05 12:58:29.979513+00,"Attempt to withdrawn successful, waiting for approval",rejection test
124,279,Pending,Withdrawn,150076,2024-11-05 12:58:46.571867+00,Request cancelled successfully,test cancel
126,224,Approved,Withdrawn - Pending,150076,2024-11-05 12:58:48.216217+00,"Attempt to withdrawn successful, waiting for approval",rejection test
127,279,Pending,Withdrawn,150076,2024-11-05 13:00:11.202814+00,Request cancelled successfully,test cancel
129,224,Approved,Withdrawn - Pending,150076,2024-11-05 13:00:12.614971+00,"Attempt to withdrawn successful, waiting for approval",rejection test
130,263,Approved,Withdrawn - Pending,150076,2024-11-05 13:33:03.52238+00,"Attempt to withdrawn successful, waiting for approval",integration test withdrawal
131,279,Pending,Withdrawn,150076,2024-11-05 13:40:55.914232+00,Request cancelled successfully,test cancel
133,224,Approved,Withdrawn - Pending,150076,2024-11-05 13:40:57.392072+00,"Attempt to withdrawn successful, waiting for approval",rejection test
134,279,Pending,Withdrawn,150076,2024-11-05 13:42:04.44623+00,Request cancelled successfully,test cancel
136,224,Approved,Withdrawn - Pending,150076,2024-11-05 13:42:05.776644+00,"Attempt to withdrawn successful, waiting for approval",rejection test
137,279,Pending,Withdrawn,150076,2024-11-05 13:43:00.228313+00,Request cancelled successfully,test cancel
139,224,Approved,Withdrawn - Pending,150076,2024-11-05 13:43:01.702132+00,"Attempt to withdrawn successful, waiting for approval",rejection test
140,279,Pending,Withdrawn,150076,2024-11-05 13:47:56.862283+00,Request cancelled successfully,test cancel
142,224,Approved,Withdrawn - Pending,150076,2024-11-05 13:47:58.377515+00,"Attempt to withdrawn successful, waiting for approval",rejection test
143,279,Pending,Withdrawn,150076,2024-11-05 13:48:37.330157+00,Request cancelled successfully,test cancel
145,224,Approved,Withdrawn - Pending,150076,2024-11-05 13:48:39.199364+00,"Attempt to withdrawn successful, waiting for approval",rejection test
146,279,Pending,Withdrawn,150076,2024-11-05 13:49:08.819763+00,Request cancelled successfully,test cancel
148,224,Approved,Withdrawn - Pending,150076,2024-11-05 13:49:10.562354+00,"Attempt to withdrawn successful, waiting for approval",rejection test
149,279,Pending,Withdrawn,150076,2024-11-05 13:49:51.719894+00,Request cancelled successfully,test cancel
151,224,Approved,Withdrawn - Pending,150076,2024-11-05 13:49:53.382482+00,"Attempt to withdrawn successful, waiting for approval",rejection test
152,279,Pending,Withdrawn,150076,2024-11-05 13:50:55.117458+00,Request cancelled successfully,test cancel
154,224,Approved,Withdrawn - Pending,150076,2024-11-05 13:50:57.115229+00,"Attempt to withdrawn successful, waiting for approval",rejection test
155,279,Pending,Withdrawn,150076,2024-11-05 13:53:31.632769+00,Request cancelled successfully,test cancel
157,224,Approved,Withdrawn - Pending,150076,2024-11-05 13:53:33.075425+00,"Attempt to withdrawn successful, waiting for approval",rejection test
158,279,Pending,Withdrawn,150076,2024-11-05 14:03:06.053482+00,Request cancelled successfully,test cancel
160,224,Approved,Withdrawn - Pending,150076,2024-11-05 14:03:07.288004+00,"Attempt to withdrawn successful, waiting for approval",rejection test
162,279,Pending,Withdrawn,150076,2024-11-05 14:05:03.167869+00,Request cancelled successfully,test cancel
164,224,Approved,Withdrawn - Pending,150076,2024-11-05 14:05:04.459327+00,"Attempt to withdrawn successful, waiting for approval",rejection test
165,279,Pending,Withdrawn,150076,2024-11-05 14:05:39.878889+00,Request cancelled successfully,test cancel
167,224,Approved,Withdrawn - Pending,150076,2024-11-05 14:05:41.598569+00,"Attempt to withdrawn successful, waiting for approval",rejection test
168,263,Approved,Withdrawn - Pending,150076,2024-11-05 14:06:38.79987+00,"Attempt to withdrawn successful, waiting for approval",pending withdrawal test
169,312,,Pending,150162,2024-11-05 14:15:56.537923+00,Request created successfully,test
170,313,,Pending,150162,2024-11-05 14:16:11.702832+00,Request created successfully,test 2
171,312,Approved,Withdrawn - Pending,150162,2024-11-05 14:17:30.692944+00,"Attempt to withdrawn successful, waiting for approval",test withdraw
172,279,Pending,Withdrawn,150076,2024-11-05 14:18:27.617807+00,Request cancelled successfully,test cancel
174,224,Approved,Withdrawn - Pending,150076,2024-11-05 14:18:29.131217+00,"Attempt to withdrawn successful, waiting for approval",rejection test
175,279,Pending,Withdrawn,150076,2024-11-05 14:22:55.011088+00,Request cancelled successfully,test cancel
177,224,Approved,Withdrawn - Pending,150076,2024-11-05 14:22:56.513319+00,"Attempt to withdrawn successful, waiting for approval",rejection test
178,279,Pending,Withdrawn,150076,2024-11-05 14:33:32.130715+00,Request cancelled successfully,test cancel
180,224,Approved,Withdrawn - Pending,150076,2024-11-05 14:33:34.49642+00,"Attempt to withdrawn successful, waiting for approval",rejection test
181,279,Pending,Withdrawn,150076,2024-11-05 14:34:02.118935+00,Request cancelled successfully,test cancel
183,224,Approved,Withdrawn - Pending,150076,2024-11-05 14:34:03.821689+00,"Attempt to withdrawn successful, waiting for approval",rejection test
184,318,,Pending,150076,2024-11-05 14:36:13.011691+00,Request created successfully,Testing
185,279,Pending,Withdrawn,150076,2024-11-05 14:36:34.528496+00,Request cancelled successfully,test cancel
187,224,Approved,Withdrawn - Pending,150076,2024-11-05 14:36:36.743301+00,"Attempt to withdrawn successful, waiting for approval",rejection test
188,279,Pending,Withdrawn,150076,2024-11-05 14:41:09.980099+00,Request cancelled successfully,test cancel
190,224,Approved,Withdrawn - Pending,150076,2024-11-05 14:41:12.391233+00,"Attempt to withdrawn successful, waiting for approval",rejection test
191,279,Pending,Withdrawn,150076,2024-11-05 14:46:19.48916+00,Request cancelled successfully,test cancel
193,224,Approved,Withdrawn - Pending,150076,2024-11-05 14:46:22.375897+00,"Attempt to withdrawn successful, waiting for approval",rejection test
194,279,Pending,Withdrawn,150076,2024-11-05 14:47:09.2907+00,Request cancelled successfully,test cancel
196,224,Approved,Withdrawn - Pending,150076,2024-11-05 14:47:11.884942+00,"Attempt to withdrawn successful, waiting for approval",rejection test
197,279,Pending,Withdrawn,150076,2024-11-05 14:48:07.941471+00,Request cancelled successfully,test cancel
199,224,Approved,Withdrawn - Pending,150076,2024-11-05 14:48:10.723209+00,"Attempt to withdrawn successful, waiting for approval",rejection test
200,279,Pending,Withdrawn,150076,2024-11-05 14:49:40.653347+00,Request cancelled successfully,test cancel
202,224,Approved,Withdrawn - Pending,150076,2024-11-05 14:49:43.561421+00,"Attempt to withdrawn successful, waiting for approval",rejection test
203,279,Pending,Withdrawn,150076,2024-11-05 14:50:03.320164+00,Request cancelled successfully,test cancel
205,224,Approved,Withdrawn - Pending,150076,2024-11-05 14:50:06.509557+00,"Attempt to withdrawn successful, waiting for approval",rejection test
206,263,Approved,Withdrawn - Pending,150076,2024-11-05 15:00:15.340745+00,"Attempt to withdrawn successful, waiting for approval",Test
207,329,,Pending,140880,2024-11-05 15:22:17.360129+00,Request created successfully,trip
208,330,,Pending,140880,2024-11-05 15:22:40.10885+00,Request created successfully,trip
209,331,,Pending,140880,2024-11-05 15:23:26.627274+00,Request created successfully,trip
210,332,,Pending,140880,2024-11-05 15:30:13.141623+00,Request created successfully,date
211,333,,Pending,140880,2024-11-05 15:30:41.319192+00,Request created successfully,tired
212,334,,Pending,140880,2024-11-05 15:31:22.671139+00,Request created successfully,sick
213,335,,Pending,140880,2024-11-05 15:31:47.896215+00,Request created successfully,doctor appointment
215,279,Pending,Withdrawn,150076,2024-11-05 15:47:06.747023+00,Request cancelled successfully,test cancel
217,224,Approved,Withdrawn - Pending,150076,2024-11-05 15:47:22.852072+00,"Attempt to withdrawn successful, waiting for approval",rejection test
218,279,Pending,Withdrawn,150076,2024-11-05 15:55:09.149106+00,Request cancelled successfully,test cancel
220,279,Pending,Withdrawn,150076,2024-11-05 15:55:18.968854+00,Request cancelled successfully,test cancel
221,224,Approved,Withdrawn - Pending,150076,2024-11-05 15:55:20.034667+00,"Attempt to withdrawn successful, waiting for approval",rejection test
223,224,Approved,Withdrawn - Pending,150076,2024-11-05 15:55:35.893195+00,"Attempt to withdrawn successful, waiting for approval",rejection test
224,279,Pending,Withdrawn,150076,2024-11-05 15:59:23.067628+00,Request cancelled successfully,test cancel
226,224,Approved,Withdrawn - Pending,150076,2024-11-05 15:59:30.276567+00,"Attempt to withdrawn successful, waiting for approval",rejection test
227,279,Pending,Withdrawn,150076,2024-11-05 15:59:35.587473+00,Request cancelled successfully,test cancel
229,224,Approved,Withdrawn - Pending,150076,2024-11-05 15:59:50.704476+00,"Attempt to withdrawn successful, waiting for approval",rejection test
230,279,Pending,Withdrawn,150076,2024-11-05 16:29:04.34016+00,Request cancelled successfully,test cancel
232,224,Approved,Withdrawn - Pending,150076,2024-11-05 16:29:15.009647+00,"Attempt to withdrawn successful, waiting for approval",rejection test
233,265,Approved,Withdrawn - Pending,140008,2024-11-05 16:35:49.671194+00,"Attempt to withdrawn successful, waiting for approval",test withdraw
234,279,Pending,Withdrawn,150076,2024-11-05 16:38:54.936355+00,Request cancelled successfully,test cancel
236,344,,Pending,140004,2024-11-05 16:38:56.72082+00,Request created successfully,Testing
237,224,Approved,Withdrawn - Pending,150076,2024-11-05 16:39:04.540309+00,"Attempt to withdrawn successful, waiting for approval",rejection test
238,279,Pending,Withdrawn,150076,2024-11-05 16:42:57.346365+00,Request cancelled successfully,test cancel
240,224,Approved,Withdrawn - Pending,150076,2024-11-05 16:43:04.253385+00,"Attempt to withdrawn successful, waiting for approval",rejection test
241,263,Approved,Withdrawn - Pending,150076,2024-11-05 16:53:31.312226+00,"Attempt to withdrawn successful, waiting for approval",test withdraw
242,279,Pending,Withdrawn,150076,2024-11-05 16:58:41.277318+00,Request cancelled successfully,test cancel
244,224,Approved,Withdrawn - Pending,150076,2024-11-05 16:58:57.433225+00,"Attempt to withdrawn successful, waiting for approval",rejection test
245,279,Pending,Withdrawn,150076,2024-11-05 17:00:42.329873+00,Request cancelled successfully,test cancel
247,224,Approved,Withdrawn - Pending,150076,2024-11-05 17:00:55.539565+00,"Attempt to withdrawn successful, waiting for approval",rejection test
248,279,Pending,Withdrawn,150076,2024-11-05 17:05:01.655639+00,Request cancelled successfully,test cancel
250,224,Approved,Withdrawn - Pending,150076,2024-11-05 17:05:16.780564+00,"Attempt to withdrawn successful, waiting for approval",rejection test
251,279,Pending,Withdrawn,150076,2024-11-05 17:06:03.311759+00,Request cancelled successfully,test cancel
253,224,Approved,Withdrawn - Pending,150076,2024-11-05 17:06:17.543972+00,"Attempt to withdrawn successful, waiting for approval",rejection test
254,279,Pending,Withdrawn,150076,2024-11-05 17:11:53.905665+00,Request cancelled successfully,test cancel
256,224,Approved,Withdrawn - Pending,150076,2024-11-05 17:12:04.454766+00,"Attempt to withdrawn successful, waiting for approval",rejection test
257,319,Pending,Approved,151408,2024-11-05 17:18:30.815267+00,Request approved successfully.,-
258,279,Pending,Withdrawn,150076,2024-11-05 17:18:33.78373+00,Request cancelled successfully,test cancel
260,224,Approved,Withdrawn - Pending,150076,2024-11-05 17:18:43.437031+00,"Attempt to withdrawn successful, waiting for approval",rejection test
261,321,Pending,Approved,151408,2024-11-05 17:19:47.16669+00,Request approved successfully.,-
262,320,Pending,Approved,151408,2024-11-05 17:21:32.823217+00,Request approved successfully.,-
263,318,Pending,Approved,151408,2024-11-05 17:30:47.817268+00,Request approved successfully.,
264,320,Pending,Approved,151408,2024-11-05 17:35:12.03682+00,Request approved successfully.,-
265,320,Pending,Approved,151408,2024-11-05 17:37:51.254506+00,Request approved successfully.,-
269,321,Pending,Approved,151408,2024-11-05 17:39:54.792927+00,Request approved successfully.,-
270,279,Pending,Withdrawn,150076,2024-11-05 17:44:52.679591+00,Request cancelled successfully,test cancel
272,224,Approved,Withdrawn - Pending,150076,2024-11-05 17:44:55.111773+00,"Attempt to withdrawn successful, waiting for approval",rejection test
273,362,,Pending,151408,2024-11-05 17:53:23.62051+00,Request created successfully,Testing
278,263,Pending,Approved,151408,2024-11-05 17:59:03.904691+00,Request approved successfully.,-
279,279,Pending,Withdrawn,150076,2024-11-05 17:59:05.206665+00,Request cancelled successfully,test cancel
281,224,Approved,Withdrawn - Pending,150076,2024-11-05 17:59:21.649862+00,"Attempt to withdrawn successful, waiting for approval",rejection test
282,362,Pending,Withdrawn,151408,2024-11-05 17:59:38.623171+00,Request cancelled successfully,test
283,366,,Pending,150076,2024-11-05 18:00:04.808698+00,Request created successfully,Testing
284,318,Pending,Withdrawn,150076,2024-11-05 18:00:25.035307+00,Request cancelled successfully,Test
286,279,Pending,Withdrawn,150076,2024-11-05 18:04:25.997399+00,Request cancelled successfully,test cancel
288,224,Approved,Withdrawn - Pending,150076,2024-11-05 18:04:28.541038+00,"Attempt to withdrawn successful, waiting for approval",rejection test
289,319,Pending,Approved,151408,2024-11-05 18:06:40.420535+00,Request approved successfully.,-
290,366,Pending,Rejected,151408,2024-11-05 18:06:53.236691+00,Request cancelled successfully.,Rejjjjj
291,263,Pending,Approved,151408,2024-11-05 18:12:18.29091+00,Request approved successfully.,-
292,279,Pending,Withdrawn,150076,2024-11-05 18:12:20.086311+00,Request cancelled successfully,test cancel
295,224,Approved,Withdrawn - Pending,150076,2024-11-05 18:12:34.141134+00,"Attempt to withdrawn successful, waiting for approval",rejection test
296,132,Withdrawn - Pending,Approved,151408,2024-11-05 18:15:40.386218+00,Request rejected successfully.,Not allow
297,142,Withdrawn - Pending,Withdrawn,151408,2024-11-05 18:18:48.216926+00,Request withdrawn successfully.,-
298,263,Pending,Approved,151408,2024-11-05 18:20:04.889091+00,Request approved successfully.,-
299,279,Pending,Withdrawn,150076,2024-11-05 18:20:05.148196+00,Request cancelled successfully,test cancel
301,224,Approved,Withdrawn - Pending,150076,2024-11-05 18:20:07.573337+00,"Attempt to withdrawn successful, waiting for approval",rejection test
302,263,Pending,Approved,151408,2024-11-05 18:21:11.072638+00,Request approved successfully.,-
303,279,Pending,Withdrawn,150076,2024-11-05 18:21:12.887788+00,Request cancelled successfully,test cancel
306,224,Approved,Withdrawn - Pending,150076,2024-11-05 18:21:29.365891+00,"Attempt to withdrawn successful, waiting for approval",rejection test
307,263,Pending,Approved,151408,2024-11-05 18:27:34.157628+00,Request approved successfully.,-
308,279,Pending,Withdrawn,150076,2024-11-05 18:27:34.384778+00,Request cancelled successfully,test cancel
310,224,Approved,Withdrawn - Pending,150076,2024-11-05 18:27:36.789531+00,"Attempt to withdrawn successful, waiting for approval",rejection test
311,263,Pending,Approved,151408,2024-11-05 18:27:54.222673+00,Request approved successfully.,-
312,279,Pending,Withdrawn,150076,2024-11-05 18:27:56.626556+00,Request cancelled successfully,test cancel
315,224,Approved,Withdrawn - Pending,150076,2024-11-05 18:28:11.789127+00,"Attempt to withdrawn successful, waiting for approval",rejection test
316,263,Pending,Approved,151408,2024-11-05 18:30:42.366726+00,Request approved successfully.,-
317,279,Pending,Withdrawn,150076,2024-11-05 18:30:42.612589+00,Request cancelled successfully,test cancel
319,224,Approved,Withdrawn - Pending,150076,2024-11-05 18:30:45.286249+00,"Attempt to withdrawn successful, waiting for approval",rejection test
320,263,Pending,Approved,151408,2024-11-05 18:34:05.330993+00,Request approved successfully.,-
321,279,Pending,Withdrawn,150076,2024-11-05 18:34:05.587845+00,Request cancelled successfully,test cancel
323,224,Approved,Withdrawn - Pending,150076,2024-11-05 18:34:08.223473+00,"Attempt to withdrawn successful, waiting for approval",rejection test
324,263,Pending,Approved,151408,2024-11-05 18:34:53.377116+00,Request approved successfully.,-
325,279,Pending,Withdrawn,150076,2024-11-05 18:34:53.626101+00,Request cancelled successfully,test cancel
327,224,Approved,Withdrawn - Pending,150076,2024-11-05 18:34:56.160352+00,"Attempt to withdrawn successful, waiting for approval",rejection test
328,263,Pending,Approved,151408,2024-11-05 18:35:22.17118+00,Request approved successfully.,-
329,279,Pending,Withdrawn,150076,2024-11-05 18:35:22.423633+00,Request cancelled successfully,test cancel
331,224,Approved,Withdrawn - Pending,150076,2024-11-05 18:35:25.036344+00,"Attempt to withdrawn successful, waiting for approval",rejection test
332,263,Pending,Approved,151408,2024-11-05 18:35:45.489606+00,Request approved successfully.,-
333,279,Pending,Withdrawn,150076,2024-11-05 18:35:45.711395+00,Request cancelled successfully,test cancel
335,224,Approved,Withdrawn - Pending,150076,2024-11-05 18:35:48.22482+00,"Attempt to withdrawn successful, waiting for approval",rejection test
336,263,Pending,Approved,151408,2024-11-05 18:36:18.668366+00,Request approved successfully.,-
337,279,Pending,Withdrawn,150076,2024-11-05 18:36:18.873662+00,Request cancelled successfully,test cancel
339,224,Approved,Withdrawn - Pending,150076,2024-11-05 18:36:21.129098+00,"Attempt to withdrawn successful, waiting for approval",rejection test
340,263,Pending,Approved,151408,2024-11-05 18:37:05.126261+00,Request approved successfully.,-
341,279,Pending,Withdrawn,150076,2024-11-05 18:37:05.34455+00,Request cancelled successfully,test cancel
343,224,Approved,Withdrawn - Pending,150076,2024-11-05 18:37:07.565608+00,"Attempt to withdrawn successful, waiting for approval",rejection test
344,263,Pending,Approved,151408,2024-11-05 18:40:44.946072+00,Request approved successfully.,-
345,279,Pending,Withdrawn,150076,2024-11-05 18:40:45.733907+00,Request cancelled successfully,test cancel
348,224,Approved,Withdrawn - Pending,150076,2024-11-05 18:40:54.242945+00,"Attempt to withdrawn successful, waiting for approval",rejection test
349,313,Pending,Approved,151408,2024-11-05 18:42:30.296825+00,Request approved successfully.,-
350,381,,Pending,150076,2024-11-05 18:43:33.82737+00,Request created successfully,Testing
351,381,Pending,Approved,151408,2024-11-05 18:44:06.523308+00,Request approved successfully.,-
352,224,Withdrawn - Pending,Approved,151408,2024-11-05 18:50:55.494941+00,Request rejected successfully.,test
354,382,Pending,Approved,151408,2024-11-05 18:52:35.782259+00,Request approved successfully.,-
355,263,Pending,Approved,151408,2024-11-05 18:52:44.788539+00,Request approved successfully.,-
356,279,Pending,Withdrawn,150076,2024-11-05 18:52:47.055206+00,Request cancelled successfully,test cancel
359,224,Approved,Withdrawn - Pending,150076,2024-11-05 18:53:02.913652+00,"Attempt to withdrawn successful, waiting for approval",rejection test
360,247,Pending,Rejected,151408,2024-11-05 18:58:17.512439+00,Request rejected successfully.,test reject
362,263,Pending,Approved,151408,2024-11-05 19:00:54.184348+00,Request approved successfully.,-
363,279,Pending,Withdrawn,150076,2024-11-05 19:00:55.433613+00,Request cancelled successfully,test cancel
365,247,Pending,Rejected,151408,2024-11-05 19:01:02.514184+00,Request rejected successfully.,test reject
366,224,Approved,Withdrawn - Pending,150076,2024-11-05 19:01:03.545453+00,"Attempt to withdrawn successful, waiting for approval",rejection test
367,263,Pending,Approved,151408,2024-11-05 19:06:42.09242+00,Request approved successfully.,-
368,279,Pending,Withdrawn,150076,2024-11-05 19:06:42.918529+00,Request cancelled successfully,test cancel
370,247,Pending,Rejected,151408,2024-11-05 19:06:52.597989+00,Request rejected successfully.,test reject
371,224,Approved,Withdrawn - Pending,150076,2024-11-05 19:06:53.683063+00,"Attempt to withdrawn successful, waiting for approval",rejection test
372,263,Pending,Approved,151408,2024-11-05 19:14:10.172727+00,Request approved successfully.,-
373,279,Pending,Withdrawn,150076,2024-11-05 19:14:12.472433+00,Request cancelled successfully,test cancel
375,247,Pending,Rejected,151408,2024-11-05 19:14:26.334167+00,Request rejected successfully.,test reject
377,224,Approved,Withdrawn - Pending,150076,2024-11-05 19:14:27.447194+00,"Attempt to withdrawn successful, waiting for approval",rejection test
379,389,,Pending,151408,2024-11-05 19:22:56.013138+00,Request created successfully,test
380,284,Pending,Withdrawn,151408,2024-11-05 19:23:04.479871+00,Request cancelled successfully,t3f3f
383,330,Pending,Withdrawn,140903,2024-11-05 19:38:00.371014+00,Request cancelled successfully,Personal reasons
384,358,Pending,Withdrawn,140903,2024-11-05 19:39:30.992551+00,Request cancelled successfully,Personal reasons
385,388,Pending,Withdrawn,140903,2024-11-05 19:55:38.782339+00,Request cancelled successfully,cancelled
386,263,Pending,Approved,151408,2024-11-05 19:56:42.430299+00,Request approved successfully.,-
387,279,Pending,Withdrawn,150076,2024-11-05 19:56:44.748152+00,Request cancelled successfully,test cancel
389,247,Pending,Rejected,151408,2024-11-05 19:56:58.882631+00,Request rejected successfully.,test reject
390,224,Approved,Withdrawn - Pending,150076,2024-11-05 19:57:00.010315+00,"Attempt to withdrawn successful, waiting for approval",rejection test
391,263,Pending,Approved,151408,2024-11-06 03:26:36.405815+00,Request approved successfully.,-
392,279,Pending,Withdrawn,150076,2024-11-06 03:26:37.033423+00,Request cancelled successfully,test cancel
394,247,Pending,Rejected,151408,2024-11-06 03:26:40.31437+00,Request rejected successfully.,test reject
395,224,Approved,Withdrawn - Pending,150076,2024-11-06 03:26:40.674111+00,"Attempt to withdrawn successful, waiting for approval",rejection test
396,263,Pending,Approved,151408,2024-11-06 03:34:18.591547+00,Request approved successfully.,-
397,279,Pending,Withdrawn,150076,2024-11-06 03:34:18.908931+00,Request cancelled successfully,test cancel
399,247,Pending,Rejected,151408,2024-11-06 03:34:21.535734+00,Request rejected successfully.,test reject
400,224,Approved,Withdrawn - Pending,150076,2024-11-06 03:34:21.86013+00,"Attempt to withdrawn successful, waiting for approval",rejection test
401,263,Pending,Approved,151408,2024-11-06 03:36:09.098757+00,Request approved successfully.,-
402,279,Pending,Withdrawn,150076,2024-11-06 03:36:09.358074+00,Request cancelled successfully,test cancel
404,247,Pending,Rejected,151408,2024-11-06 03:36:12.010314+00,Request rejected successfully.,test reject
405,224,Approved,Withdrawn - Pending,150076,2024-11-06 03:36:12.310503+00,"Attempt to withdrawn successful, waiting for approval",rejection test
406,263,Pending,Approved,151408,2024-11-06 04:19:45.547791+00,Request approved successfully.,-
407,279,Pending,Withdrawn,150076,2024-11-06 04:19:45.823726+00,Request cancelled successfully,test cancel
409,247,Pending,Rejected,151408,2024-11-06 04:19:48.84008+00,Request rejected successfully.,test reject
410,224,Approved,Withdrawn - Pending,150076,2024-11-06 04:19:49.155282+00,"Attempt to withdrawn successful, waiting for approval",rejection test
411,263,Pending,Approved,151408,2024-11-06 04:23:54.287375+00,Request approved successfully.,-
412,279,Pending,Withdrawn,150076,2024-11-06 04:23:54.598731+00,Request cancelled successfully,test cancel
414,247,Pending,Rejected,151408,2024-11-06 04:23:57.87799+00,Request rejected successfully.,test reject
415,224,Approved,Withdrawn - Pending,150076,2024-11-06 04:23:58.200763+00,"Attempt to withdrawn successful, waiting for approval",rejection test
416,263,Pending,Approved,151408,2024-11-06 04:31:00.877939+00,Request approved successfully.,-
417,279,Pending,Withdrawn,150076,2024-11-06 04:31:01.166978+00,Request cancelled successfully,test cancel
419,247,Pending,Rejected,151408,2024-11-06 04:31:04.237317+00,Request rejected successfully.,test reject
420,224,Approved,Withdrawn - Pending,150076,2024-11-06 04:31:04.541303+00,"Attempt to withdrawn successful, waiting for approval",rejection test
421,263,Pending,Approved,151408,2024-11-06 04:36:46.302299+00,Request approved successfully.,-
422,279,Pending,Withdrawn,150076,2024-11-06 04:36:47.717596+00,Request cancelled successfully,test cancel
424,247,Pending,Rejected,151408,2024-11-06 04:36:56.289319+00,Request rejected successfully.,test reject
425,224,Approved,Withdrawn - Pending,150076,2024-11-06 04:36:57.159498+00,"Attempt to withdrawn successful, waiting for approval",rejection test
426,263,Pending,Approved,151408,2024-11-06 04:37:32.55965+00,Request approved successfully.,-
427,279,Pending,Withdrawn,150076,2024-11-06 04:37:32.850775+00,Request cancelled successfully,test cancel
429,247,Pending,Rejected,151408,2024-11-06 04:37:36.284706+00,Request rejected successfully.,test reject
430,224,Approved,Withdrawn - Pending,150076,2024-11-06 04:37:36.615208+00,"Attempt to withdrawn successful, waiting for approval",rejection test
431,399,,Pending,150076,2024-11-06 04:53:54.345104+00,Request created successfully,Testing
432,399,Pending,Approved,151408,2024-11-06 04:54:12.011866+00,Request 399 approved in batch,-
433,400,Pending,Approved,151408,2024-11-06 04:54:12.11886+00,Request 400 approved in batch,-
434,263,Pending,Approved,151408,2024-11-06 04:54:21.460675+00,Request approved successfully.,-
435,279,Pending,Withdrawn,150076,2024-11-06 04:54:21.718932+00,Request cancelled successfully,test cancel
437,247,Pending,Rejected,151408,2024-11-06 04:54:25.162873+00,Request rejected successfully.,test reject
438,224,Approved,Withdrawn - Pending,150076,2024-11-06 04:54:25.54999+00,"Attempt to withdrawn successful, waiting for approval",rejection test
449,263,Pending,Approved,151408,2024-11-06 05:40:43.187874+00,Request approved successfully.,-
450,279,Pending,Withdrawn,150076,2024-11-06 05:40:43.472815+00,Request cancelled successfully,test cancel
452,247,Pending,Rejected,151408,2024-11-06 05:40:47.218355+00,Request rejected successfully.,test reject
453,224,Approved,Withdrawn - Pending,150076,2024-11-06 05:40:47.523031+00,"Attempt to withdrawn successful, waiting for approval",rejection test
454,263,Pending,Approved,151408,2024-11-06 05:44:30.405938+00,Request approved successfully.,-
455,279,Pending,Withdrawn,150076,2024-11-06 05:44:30.668108+00,Request cancelled successfully,test cancel
457,247,Pending,Rejected,151408,2024-11-06 05:44:34.212569+00,Request rejected successfully.,test reject
458,224,Approved,Withdrawn - Pending,150076,2024-11-06 05:44:34.49349+00,"Attempt to withdrawn successful, waiting for approval",rejection test
459,263,Pending,Approved,151408,2024-11-06 05:59:22.955304+00,Request approved successfully.,-
460,279,Pending,Withdrawn,150076,2024-11-06 05:59:23.187184+00,Request cancelled successfully,test cancel
462,247,Pending,Rejected,151408,2024-11-06 05:59:26.488133+00,Request rejected successfully.,test reject
463,224,Approved,Withdrawn - Pending,150076,2024-11-06 05:59:26.785408+00,"Attempt to withdrawn successful, waiting for approval",rejection test
464,263,Pending,Approved,151408,2024-11-06 06:02:51.72809+00,Request approved successfully.,-
465,263,Pending,Approved,151408,2024-11-06 06:03:53.773886+00,Request approved successfully.,-
466,263,Pending,Approved,151408,2024-11-06 06:04:09.90634+00,Request approved successfully.,-
467,279,Pending,Withdrawn,150076,2024-11-06 06:04:10.676909+00,Request cancelled successfully,test cancel
469,247,Pending,Rejected,151408,2024-11-06 06:04:14.576462+00,Request rejected successfully.,test reject
470,224,Approved,Withdrawn - Pending,150076,2024-11-06 06:04:14.935722+00,"Attempt to withdrawn successful, waiting for approval",rejection test
471,263,Pending,Approved,151408,2024-11-06 06:19:14.206318+00,Request approved successfully.,-
472,279,Pending,Withdrawn,150076,2024-11-06 06:19:14.836286+00,Request cancelled successfully,test cancel
474,247,Pending,Rejected,151408,2024-11-06 06:19:18.743776+00,Request rejected successfully.,test reject
475,224,Approved,Withdrawn - Pending,150076,2024-11-06 06:19:19.061078+00,"Attempt to withdrawn successful, waiting for approval",rejection test
476,263,Pending,Approved,151408,2024-11-06 06:22:08.125164+00,Request approved successfully.,-
477,279,Pending,Withdrawn,150076,2024-11-06 06:22:12.811485+00,Request cancelled successfully,test cancel
479,247,Pending,Rejected,151408,2024-11-06 06:22:28.438569+00,Request rejected successfully.,test reject
480,224,Approved,Withdrawn - Pending,150076,2024-11-06 06:22:29.983643+00,"Attempt to withdrawn successful, waiting for approval",rejection test
481,26,Pending,Approved,140008,2024-11-06 06:59:07.711401+00,Request approved successfully.,-
482,266,Withdrawn - Pending,Approved,140008,2024-11-06 06:59:57.443497+00,Request rejected successfully.,testetst
483,267,Pending,Rejected,140008,2024-11-06 07:00:07.5163+00,Request rejected successfully.,testetst
484,266,Withdrawn - Pending,Approved,140008,2024-11-06 07:03:24.0257+00,Request rejected successfully.,TEST
485,267,Pending,Rejected,140008,2024-11-06 07:08:08.679593+00,Request rejected successfully.,test pending reject
486,266,Withdrawn - Pending,Approved,140008,2024-11-06 07:35:56.73226+00,Request rejected successfully.,nawr
487,267,Pending,Approved,140008,2024-11-06 07:36:04.588064+00,Request approved successfully.,-
488,266,Pending,Rejected,140008,2024-11-06 07:37:31.129729+00,Request rejected successfully.,asdf
489,267,Withdrawn - Pending,Withdrawn,140008,2024-11-06 07:37:34.329224+00,Request withdrawn successfully.,-
490,266,Pending,Rejected,140008,2024-11-06 07:43:49.059159+00,Request rejected successfully.,test alert()
491,267,Withdrawn - Pending,Approved,140008,2024-11-06 07:44:04.337789+00,Request rejected successfully.,test alert()
492,267,Withdrawn - Pending,Withdrawn,140008,2024-11-06 07:44:55.553023+00,Request withdrawn successfully.,-
493,266,Pending,Rejected,140008,2024-11-06 07:46:26.764137+00,Request rejected successfully.,test alert()))))
494,267,Withdrawn - Pending,Approved,140008,2024-11-06 07:46:38.374942+00,Request rejected successfully.,ok testing agn
495,266,Withdrawn - Pending,Withdrawn,140008,2024-11-06 07:47:19.084863+00,Request withdrawn successfully.,-
496,267,Pending,Approved,140008,2024-11-06 07:47:24.416684+00,Request approved successfully.,-
497,263,Pending,Approved,151408,2024-11-06 07:48:33.951532+00,Request approved successfully.,-
498,279,Pending,Withdrawn,150076,2024-11-06 07:48:35.808332+00,Request cancelled successfully,test cancel
500,247,Pending,Rejected,151408,2024-11-06 07:48:46.731443+00,Request rejected successfully.,test reject
501,224,Approved,Withdrawn - Pending,150076,2024-11-06 07:48:47.790684+00,"Attempt to withdrawn successful, waiting for approval",rejection test
502,263,Pending,Approved,151408,2024-11-06 08:38:37.627749+00,Request approved successfully.,-
503,279,Pending,Withdrawn,150076,2024-11-06 08:38:41.945036+00,Request cancelled successfully,test cancel
505,247,Pending,Rejected,151408,2024-11-06 08:39:01.245929+00,Request rejected successfully.,test reject
506,224,Approved,Withdrawn - Pending,150076,2024-11-06 08:39:02.818128+00,"Attempt to withdrawn successful, waiting for approval",rejection test
509,263,Withdrawn - Pending,Withdrawn,151408,2024-11-06 09:34:36.083954+00,Request withdrawn successfully.,-
510,263,Withdrawn - Pending,Withdrawn,151408,2024-11-06 09:34:41.178676+00,Request withdrawn successfully.,-
511,263,Withdrawn - Pending,Withdrawn,151408,2024-11-06 09:37:39.637226+00,Request withdrawn successfully.,-
512,263,Withdrawn - Pending,Withdrawn,151408,2024-11-06 09:38:01.509797+00,Request withdrawn successfully.,-
513,263,Withdrawn - Pending,Withdrawn,151408,2024-11-06 09:38:11.764865+00,Request withdrawn successfully.,-
514,263,Pending,Approved,151408,2024-11-06 09:38:47.728218+00,Request approved successfully.,-
515,263,Withdrawn - Pending,Withdrawn,151408,2024-11-06 09:38:48.175249+00,Request withdrawn successfully.,-
516,279,Pending,Withdrawn,150076,2024-11-06 09:38:48.357155+00,Request cancelled successfully,test cancel
518,247,Pending,Rejected,151408,2024-11-06 09:38:50.699583+00,Request rejected successfully.,test reject
519,224,Approved,Withdrawn - Pending,150076,2024-11-06 09:38:50.934727+00,"Attempt to withdrawn successful, waiting for approval",rejection test
522,441,,Pending,140880,2024-11-06 09:58:13.917015+00,Request created successfully,wfh every friday please
523,445,,Pending,151408,2024-11-06 09:58:40.092358+00,Request created successfully,what why leh
524,441,Pending,Approved,140008,2024-11-06 09:59:21.069014+00,Request approved successfully.,-
525,442,Pending,Approved,140008,2024-11-06 09:59:23.723163+00,Request approved successfully.,-
526,443,Pending,Approved,140008,2024-11-06 09:59:26.45244+00,Request approved successfully.,-
527,444,Pending,Approved,140008,2024-11-06 09:59:28.716563+00,Request approved successfully.,-
530,263,Pending,Approved,151408,2024-11-06 10:02:14.383899+00,Request approved successfully.,-
531,263,Withdrawn - Pending,Withdrawn,151408,2024-11-06 10:02:14.776727+00,Request withdrawn successfully.,-
532,279,Pending,Withdrawn,150076,2024-11-06 10:02:14.949621+00,Request cancelled successfully,test cancel
534,247,Pending,Rejected,151408,2024-11-06 10:02:17.751437+00,Request rejected successfully.,test reject
536,224,Approved,Withdrawn - Pending,150076,2024-11-06 10:02:18.92606+00,"Attempt to withdrawn successful, waiting for approval",rejection test
537,263,Pending,Approved,151408,2024-11-06 10:04:01.400947+00,Request approved successfully.,-
538,263,Withdrawn - Pending,Withdrawn,151408,2024-11-06 10:04:01.792776+00,Request withdrawn successfully.,-
539,279,Pending,Withdrawn,150076,2024-11-06 10:04:02.035591+00,Request cancelled successfully,test cancel
540,263,Withdrawn - Pending,Approved,151408,2024-11-06 10:04:02.092002+00,Request rejected successfully.,test withdraw
542,247,Pending,Rejected,151408,2024-11-06 10:04:04.88475+00,Request rejected successfully.,test reject
543,263,Withdrawn - Pending,Approved,151408,2024-11-06 10:04:05.123008+00,Request rejected successfully.,test withdraw
544,224,Approved,Withdrawn - Pending,150076,2024-11-06 10:04:05.26671+00,"Attempt to withdrawn successful, waiting for approval",rejection test
545,250,Withdrawn - Pending,Withdrawn,130002,2024-11-06 10:07:29.650241+00,Request withdrawn successfully.,-
546,268,Pending,Approved,130002,2024-11-06 10:09:40.882351+00,Request approved successfully.,-
547,263,Pending,Approved,151408,2024-11-06 10:13:21.131172+00,Request approved successfully.,-
548,263,Withdrawn - Pending,Withdrawn,151408,2024-11-06 10:13:21.526068+00,Request withdrawn successfully.,-
549,279,Pending,Withdrawn,150076,2024-11-06 10:13:21.705572+00,Request cancelled successfully,test cancel
551,247,Pending,Rejected,151408,2024-11-06 10:13:24.419726+00,Request rejected successfully.,test reject
552,263,Withdrawn - Pending,Approved,151408,2024-11-06 10:13:24.682803+00,Request rejected successfully.,test withdraw
553,224,Approved,Withdrawn - Pending,150076,2024-11-06 10:13:24.871992+00,"Attempt to withdrawn successful, waiting for approval",rejection test
554,263,Pending,Approved,151408,2024-11-06 10:24:21.467418+00,Request approved successfully.,-
555,263,Withdrawn - Pending,Withdrawn,151408,2024-11-06 10:24:21.933913+00,Request withdrawn successfully.,-
556,279,Pending,Withdrawn,150076,2024-11-06 10:24:22.098894+00,Request cancelled successfully,test cancel
558,247,Pending,Rejected,151408,2024-11-06 10:24:24.724103+00,Request rejected successfully.,test reject
559,263,Withdrawn - Pending,Approved,151408,2024-11-06 10:24:24.975971+00,Request rejected successfully.,test withdraw
560,224,Approved,Withdrawn - Pending,150076,2024-11-06 10:24:25.134786+00,"Attempt to withdrawn successful, waiting for approval",rejection test
561,263,Pending,Approved,151408,2024-11-06 10:32:21.908587+00,Request approved successfully.,-
562,263,Withdrawn - Pending,Withdrawn,151408,2024-11-06 10:32:22.269452+00,Request withdrawn successfully.,-
563,279,Pending,Withdrawn,150076,2024-11-06 10:32:22.410118+00,Request cancelled successfully,test cancel
565,247,Pending,Rejected,151408,2024-11-06 10:32:24.800674+00,Request rejected successfully.,test reject
566,263,Withdrawn - Pending,Approved,151408,2024-11-06 10:32:25.031076+00,Request rejected successfully.,test withdraw
567,224,Approved,Withdrawn - Pending,150076,2024-11-06 10:32:25.182584+00,"Attempt to withdrawn successful, waiting for approval",rejection test
568,263,Pending,Approved,151408,2024-11-06 10:34:53.541047+00,Request approved successfully.,-
569,263,Withdrawn - Pending,Withdrawn,151408,2024-11-06 10:34:54.038796+00,Request withdrawn successfully.,-
570,279,Pending,Withdrawn,150076,2024-11-06 10:34:54.222723+00,Request cancelled successfully,test cancel
572,247,Pending,Rejected,151408,2024-11-06 10:34:56.705109+00,Request rejected successfully.,test reject
573,263,Withdrawn - Pending,Approved,151408,2024-11-06 10:34:56.967683+00,Request rejected successfully.,test withdraw
574,224,Approved,Withdrawn - Pending,150076,2024-11-06 10:34:57.114332+00,"Attempt to withdrawn successful, waiting for approval",rejection test
575,263,Pending,Approved,151408,2024-11-06 10:49:45.314726+00,Request approved successfully.,-
576,263,Withdrawn - Pending,Withdrawn,151408,2024-11-06 10:49:45.717901+00,Request withdrawn successfully.,-
577,279,Pending,Withdrawn,150076,2024-11-06 10:49:45.889896+00,Request cancelled successfully,test cancel
579,247,Pending,Rejected,151408,2024-11-06 10:49:48.244167+00,Request rejected successfully.,test reject
580,263,Withdrawn - Pending,Approved,151408,2024-11-06 10:49:48.506718+00,Request rejected successfully.,test withdraw
581,224,Approved,Withdrawn - Pending,150076,2024-11-06 10:49:48.644444+00,"Attempt to withdrawn successful, waiting for approval",rejection test
582,263,Pending,Approved,151408,2024-11-06 10:53:52.127306+00,Request approved successfully.,-
583,263,Withdrawn - Pending,Withdrawn,151408,2024-11-06 10:53:55.568508+00,Request withdrawn successfully.,-
584,279,Pending,Withdrawn,150076,2024-11-06 10:53:56.954085+00,Request cancelled successfully,test cancel
586,247,Pending,Rejected,151408,2024-11-06 10:54:07.774453+00,Request rejected successfully.,test reject
587,263,Withdrawn - Pending,Approved,151408,2024-11-06 10:54:08.823155+00,Request rejected successfully.,test withdraw
588,224,Approved,Withdrawn - Pending,150076,2024-11-06 10:54:09.464053+00,"Attempt to withdrawn successful, waiting for approval",rejection test
589,263,Pending,Approved,151408,2024-11-06 10:58:42.225114+00,Request approved successfully.,-
590,263,Withdrawn - Pending,Withdrawn,151408,2024-11-06 10:58:47.502966+00,Request withdrawn successfully.,-
591,279,Pending,Withdrawn,150076,2024-11-06 10:58:49.774226+00,Request cancelled successfully,test cancel
593,247,Pending,Rejected,151408,2024-11-06 10:59:07.600798+00,Request rejected successfully.,test reject
594,263,Withdrawn - Pending,Approved,151408,2024-11-06 10:59:08.969068+00,Request rejected successfully.,test withdraw
595,224,Approved,Withdrawn - Pending,150076,2024-11-06 10:59:09.776422+00,"Attempt to withdrawn successful, waiting for approval",rejection test
596,467,,Pending,140008,2024-11-06 10:59:10.854432+00,Request created successfully,test calendar display
597,263,Pending,Approved,151408,2024-11-06 11:17:21.695732+00,Request approved successfully.,-
598,263,Withdrawn - Pending,Withdrawn,151408,2024-11-06 11:17:22.139655+00,Request withdrawn successfully.,-
599,279,Pending,Withdrawn,150076,2024-11-06 11:17:22.365204+00,Request cancelled successfully,test cancel
601,247,Pending,Rejected,151408,2024-11-06 11:17:24.813841+00,Request rejected successfully.,test reject
602,263,Withdrawn - Pending,Approved,151408,2024-11-06 11:17:25.104038+00,Request rejected successfully.,test withdraw
603,224,Approved,Withdrawn - Pending,150076,2024-11-06 11:17:25.261796+00,"Attempt to withdrawn successful, waiting for approval",rejection test
604,263,Pending,Approved,151408,2024-11-06 11:18:19.406113+00,Request approved successfully.,-
605,263,Withdrawn - Pending,Withdrawn,151408,2024-11-06 11:18:19.899975+00,Request withdrawn successfully.,-
606,279,Pending,Withdrawn,150076,2024-11-06 11:18:20.101269+00,Request cancelled successfully,test cancel
608,247,Pending,Rejected,151408,2024-11-06 11:18:22.998891+00,Request rejected successfully.,test reject
609,263,Withdrawn - Pending,Approved,151408,2024-11-06 11:18:23.3563+00,Request rejected successfully.,test withdraw
610,224,Approved,Withdrawn - Pending,150076,2024-11-06 11:18:23.498598+00,"Attempt to withdrawn successful, waiting for approval",rejection test
611,263,Pending,Approved,151408,2024-11-06 11:20:26.656194+00,Request approved successfully.,-
612,263,Withdrawn - Pending,Withdrawn,151408,2024-11-06 11:20:27.116836+00,Request withdrawn successfully.,-
613,279,Pending,Withdrawn,150076,2024-11-06 11:20:27.353434+00,Request cancelled successfully,test cancel
615,247,Pending,Rejected,151408,2024-11-06 11:20:30.474622+00,Request rejected successfully.,test reject
616,263,Withdrawn - Pending,Approved,151408,2024-11-06 11:20:30.830595+00,Request rejected successfully.,test withdraw
617,224,Approved,Withdrawn - Pending,150076,2024-11-06 11:20:31.041288+00,"Attempt to withdrawn successful, waiting for approval",rejection test
618,263,Pending,Approved,151408,2024-11-06 11:24:35.440566+00,Request approved successfully.,-
619,263,Withdrawn - Pending,Withdrawn,151408,2024-11-06 11:24:35.891239+00,Request withdrawn successfully.,-
620,279,Pending,Withdrawn,150076,2024-11-06 11:24:36.100018+00,Request cancelled successfully,test cancel
622,247,Pending,Rejected,151408,2024-11-06 11:24:38.908729+00,Request rejected successfully.,test reject
623,263,Withdrawn - Pending,Approved,151408,2024-11-06 11:24:39.18911+00,Request rejected successfully.,test withdraw
624,224,Approved,Withdrawn - Pending,150076,2024-11-06 11:24:39.34075+00,"Attempt to withdrawn successful, waiting for approval",rejection test
625,263,Pending,Approved,151408,2024-11-06 11:25:17.340382+00,Request approved successfully.,-
626,263,Withdrawn - Pending,Withdrawn,151408,2024-11-06 11:25:17.850605+00,Request withdrawn successfully.,-
627,279,Pending,Withdrawn,150076,2024-11-06 11:25:18.078211+00,Request cancelled successfully,test cancel
629,247,Pending,Rejected,151408,2024-11-06 11:25:20.97873+00,Request rejected successfully.,test reject
630,263,Withdrawn - Pending,Approved,151408,2024-11-06 11:25:21.233756+00,Request rejected successfully.,test withdraw
631,224,Approved,Withdrawn - Pending,150076,2024-11-06 11:25:21.409121+00,"Attempt to withdrawn successful, waiting for approval",rejection test
632,263,Pending,Approved,151408,2024-11-06 11:26:16.090162+00,Request approved successfully.,-
633,263,Withdrawn - Pending,Withdrawn,151408,2024-11-06 11:26:16.550243+00,Request withdrawn successfully.,-
634,279,Pending,Withdrawn,150076,2024-11-06 11:26:16.718455+00,Request cancelled successfully,test cancel
636,247,Pending,Rejected,151408,2024-11-06 11:26:19.184679+00,Request rejected successfully.,test reject
637,263,Withdrawn - Pending,Approved,151408,2024-11-06 11:26:19.42313+00,Request rejected successfully.,test withdraw
638,224,Approved,Withdrawn - Pending,150076,2024-11-06 11:26:19.57598+00,"Attempt to withdrawn successful, waiting for approval",rejection test
639,263,Pending,Approved,151408,2024-11-06 11:27:25.644173+00,Request approved successfully.,-
640,263,Withdrawn - Pending,Withdrawn,151408,2024-11-06 11:27:29.774493+00,Request withdrawn successfully.,-
641,279,Pending,Withdrawn,150076,2024-11-06 11:27:31.490624+00,Request cancelled successfully,test cancel
643,247,Pending,Rejected,151408,2024-11-06 11:27:48.385578+00,Request rejected successfully.,test reject
644,263,Withdrawn - Pending,Approved,151408,2024-11-06 11:27:50.63854+00,Request rejected successfully.,test withdraw
645,224,Approved,Withdrawn - Pending,150076,2024-11-06 11:27:52.330205+00,"Attempt to withdrawn successful, waiting for approval",rejection test
646,267,Pending,Rejected,140008,2024-11-06 11:29:40.296093+00,Request rejected successfully.,physical meeting
647,263,Pending,Approved,151408,2024-11-06 13:45:43.790446+00,Request approved successfully.,-
648,263,Withdrawn - Pending,Withdrawn,151408,2024-11-06 13:45:48.99692+00,Request withdrawn successfully.,-
649,279,Pending,Withdrawn,150076,2024-11-06 13:45:51.259032+00,Request cancelled successfully,test cancel
651,247,Pending,Rejected,151408,2024-11-06 13:46:05.965993+00,Request rejected successfully.,test reject
652,263,Withdrawn - Pending,Approved,151408,2024-11-06 13:46:07.364131+00,Request rejected successfully.,test withdraw
653,224,Approved,Withdrawn - Pending,150076,2024-11-06 13:46:08.186159+00,"Attempt to withdrawn successful, waiting for approval",rejection test
654,263,Pending,Approved,151408,2024-11-06 14:54:53.715848+00,Request approved successfully.,-
655,263,Withdrawn - Pending,Withdrawn,151408,2024-11-06 14:54:57.383716+00,Request withdrawn successfully.,-
656,279,Pending,Withdrawn,150076,2024-11-06 14:54:58.648318+00,Request cancelled successfully,test cancel
658,247,Pending,Rejected,151408,2024-11-06 14:55:17.445683+00,Request rejected successfully.,test reject
659,263,Withdrawn - Pending,Approved,151408,2024-11-06 14:55:19.216697+00,Request rejected successfully.,test withdraw
660,224,Approved,Withdrawn - Pending,150076,2024-11-06 14:55:20.00772+00,"Attempt to withdrawn successful, waiting for approval",rejection test
661,263,Pending,Approved,151408,2024-11-06 15:52:06.541752+00,Request approved successfully.,-
662,263,Withdrawn - Pending,Withdrawn,151408,2024-11-06 15:52:10.797217+00,Request withdrawn successfully.,-
663,279,Pending,Withdrawn,150076,2024-11-06 15:52:12.587409+00,Request cancelled successfully,test cancel
665,247,Pending,Rejected,151408,2024-11-06 15:52:30.60747+00,Request rejected successfully.,test reject
666,263,Pending,Approved,151408,2024-11-06 15:52:30.722585+00,Request approved successfully.,-
667,263,Withdrawn - Pending,Approved,151408,2024-11-06 15:52:32.453063+00,Request rejected successfully.,test withdraw
668,224,Approved,Withdrawn - Pending,150076,2024-11-06 15:52:33.269146+00,"Attempt to withdrawn successful, waiting for approval",rejection test
669,263,Withdrawn - Pending,Withdrawn,151408,2024-11-06 15:52:41.963039+00,Request withdrawn successfully.,-
670,279,Pending,Withdrawn,150076,2024-11-06 15:52:47.974851+00,Request cancelled successfully,test cancel
672,247,Pending,Rejected,151408,2024-11-06 15:53:26.856575+00,Request rejected successfully.,test reject
673,263,Withdrawn - Pending,Approved,151408,2024-11-06 15:53:30.864834+00,Request rejected successfully.,test withdraw
674,224,Approved,Withdrawn - Pending,150076,2024-11-06 15:53:34.31329+00,"Attempt to withdrawn successful, waiting for approval",rejection test
675,263,Pending,Approved,151408,2024-11-06 16:19:14.479115+00,Request approved successfully.,-
676,263,Withdrawn - Pending,Withdrawn,151408,2024-11-06 16:19:18.329285+00,Request withdrawn successfully.,-
677,279,Pending,Withdrawn,150076,2024-11-06 16:19:20.571231+00,Request cancelled successfully,test cancel
679,247,Pending,Rejected,151408,2024-11-06 16:19:37.172917+00,Request rejected successfully.,test reject
680,263,Withdrawn - Pending,Approved,151408,2024-11-06 16:19:39.005481+00,Request rejected successfully.,test withdraw
681,224,Approved,Withdrawn - Pending,150076,2024-11-06 16:19:40.332912+00,"Attempt to withdrawn successful, waiting for approval",rejection test
682,445,Pending,Approved,130002,2024-11-06 16:46:29.138486+00,Request approved successfully.,-
683,446,Pending,Approved,130002,2024-11-06 16:46:50.660246+00,Request approved successfully.,-
684,263,Pending,Approved,151408,2024-11-07 03:58:08.788046+00,Request approved successfully.,-
685,263,Withdrawn - Pending,Withdrawn,151408,2024-11-07 03:58:13.105953+00,Request withdrawn successfully.,-
686,279,Pending,Withdrawn,150076,2024-11-07 03:58:14.838503+00,Request cancelled successfully,test cancel
688,247,Pending,Rejected,151408,2024-11-07 03:58:33.104549+00,Request rejected successfully.,test reject
689,263,Withdrawn - Pending,Approved,151408,2024-11-07 03:58:34.423+00,Request rejected successfully.,test withdraw
690,224,Approved,Withdrawn - Pending,150076,2024-11-07 03:58:36.132795+00,"Attempt to withdrawn successful, waiting for approval",rejection test
691,263,Pending,Approved,151408,2024-11-07 06:35:58.434796+00,Request approved successfully.,-
692,263,Withdrawn - Pending,Withdrawn,151408,2024-11-07 06:36:02.80673+00,Request withdrawn successfully.,-
693,279,Pending,Withdrawn,150076,2024-11-07 06:36:04.086808+00,Request cancelled successfully,test cancel
695,247,Pending,Rejected,151408,2024-11-07 06:36:21.752417+00,Request rejected successfully.,test reject
696,263,Withdrawn - Pending,Approved,151408,2024-11-07 06:36:23.553066+00,Request rejected successfully.,test withdraw
697,224,Approved,Withdrawn - Pending,150076,2024-11-07 06:36:24.878042+00,"Attempt to withdrawn successful, waiting for approval",rejection test
698,263,Pending,Approved,151408,2024-11-07 07:47:40.827929+00,Request approved successfully.,-
699,263,Withdrawn - Pending,Withdrawn,151408,2024-11-07 07:47:43.673145+00,Request withdrawn successfully.,-
700,279,Pending,Withdrawn,150076,2024-11-07 07:47:45.904111+00,Request cancelled successfully,test cancel
702,247,Pending,Rejected,151408,2024-11-07 07:48:03.967104+00,Request rejected successfully.,test reject
703,263,Withdrawn - Pending,Approved,151408,2024-11-07 07:48:05.46951+00,Request rejected successfully.,test withdraw
704,224,Approved,Withdrawn - Pending,150076,2024-11-07 07:48:06.780669+00,"Attempt to withdrawn successful, waiting for approval",rejection test
705,263,Pending,Approved,151408,2024-11-07 07:50:23.054215+00,Request approved successfully.,-
706,263,Withdrawn - Pending,Withdrawn,151408,2024-11-07 07:50:25.392541+00,Request withdrawn successfully.,-
707,279,Pending,Withdrawn,150076,2024-11-07 07:50:26.723105+00,Request cancelled successfully,test cancel
709,247,Pending,Rejected,151408,2024-11-07 07:50:38.315621+00,Request rejected successfully.,test reject
710,263,Withdrawn - Pending,Approved,151408,2024-11-07 07:50:39.6579+00,Request rejected successfully.,test withdraw
711,224,Approved,Withdrawn - Pending,150076,2024-11-07 07:50:40.461714+00,"Attempt to withdrawn successful, waiting for approval",rejection test
712,263,Pending,Approved,151408,2024-11-07 09:00:06.509712+00,Request approved successfully.,-
713,263,Withdrawn - Pending,Withdrawn,151408,2024-11-07 09:00:08.743278+00,Request withdrawn successfully.,-
714,279,Pending,Withdrawn,150076,2024-11-07 09:00:09.736731+00,Request cancelled successfully,test cancel
716,247,Pending,Rejected,151408,2024-11-07 09:00:20.842592+00,Request rejected successfully.,test reject
717,263,Withdrawn - Pending,Approved,151408,2024-11-07 09:00:21.92793+00,Request rejected successfully.,test withdraw
718,224,Approved,Withdrawn - Pending,150076,2024-11-07 09:00:22.570592+00,"Attempt to withdrawn successful, waiting for approval",rejection test
719,263,Pending,Approved,151408,2024-11-07 09:03:55.188664+00,Request approved successfully.,-
720,263,Withdrawn - Pending,Withdrawn,151408,2024-11-07 09:03:58.507384+00,Request withdrawn successfully.,-
721,279,Pending,Withdrawn,150076,2024-11-07 09:03:59.894941+00,Request cancelled successfully,test cancel
723,247,Pending,Rejected,151408,2024-11-07 09:04:10.28546+00,Request rejected successfully.,test reject
724,263,Withdrawn - Pending,Approved,151408,2024-11-07 09:04:11.424608+00,Request rejected successfully.,test withdraw
725,224,Approved,Withdrawn - Pending,150076,2024-11-07 09:04:12.072799+00,"Attempt to withdrawn successful, waiting for approval",rejection test
726,263,Pending,Approved,151408,2024-11-07 09:07:27.656948+00,Request approved successfully.,-
727,263,Withdrawn - Pending,Withdrawn,151408,2024-11-07 09:07:32.473862+00,Request withdrawn successfully.,-
728,279,Pending,Withdrawn,150076,2024-11-07 09:07:34.318385+00,Request cancelled successfully,test cancel
730,247,Pending,Rejected,151408,2024-11-07 09:07:52.240298+00,Request rejected successfully.,test reject
731,263,Withdrawn - Pending,Approved,151408,2024-11-07 09:07:53.594682+00,Request rejected successfully.,test withdraw
732,224,Approved,Withdrawn - Pending,150076,2024-11-07 09:07:54.419515+00,"Attempt to withdrawn successful, waiting for approval",rejection test
733,263,Pending,Approved,151408,2024-11-07 11:52:45.577115+00,Request approved successfully.,-
734,263,Withdrawn - Pending,Withdrawn,151408,2024-11-07 11:52:49.287671+00,Request withdrawn successfully.,-
735,279,Pending,Withdrawn,150076,2024-11-07 11:52:51.5079+00,Request cancelled successfully,test cancel
737,247,Pending,Rejected,151408,2024-11-07 11:53:07.927017+00,Request rejected successfully.,test reject
738,263,Withdrawn - Pending,Approved,151408,2024-11-07 11:53:09.745331+00,Request rejected successfully.,test withdraw
739,224,Approved,Withdrawn - Pending,150076,2024-11-07 11:53:10.549512+00,"Attempt to withdrawn successful, waiting for approval",rejection test
740,29,Pending,Approved,140008,2024-11-07 13:22:57.976131+00,Request approved successfully despite policy violation.,-
741,29,Pending,Approved,140008,2024-11-07 13:26:11.030715+00,Request approved successfully.,-
745,524,,Pending,140905,2024-11-07 14:41:12.764378+00,Request created successfully,Testing
746,525,,Pending,140905,2024-11-07 14:44:04.131742+00,Request created successfully,Testing
747,525,Pending,Approved,140944,2024-11-07 14:45:23.132863+00,Request approved successfully.,-
748,526,Pending,Approved,140944,2024-11-07 14:45:26.328768+00,Request approved successfully.,-
749,527,Pending,Approved,140944,2024-11-07 14:45:28.852342+00,Request approved successfully.,-
750,528,Pending,Approved,140944,2024-11-07 14:45:31.767318+00,Request approved successfully.,-
751,263,Pending,Approved,151408,2024-11-07 15:54:09.955744+00,Request approved successfully.,-
752,263,Withdrawn - Pending,Withdrawn,151408,2024-11-07 15:54:12.638167+00,Request withdrawn successfully.,-
753,279,Pending,Withdrawn,150076,2024-11-07 15:54:13.673199+00,Request cancelled successfully,test cancel
755,247,Pending,Rejected,151408,2024-11-07 15:54:24.665097+00,Request rejected successfully.,test reject
756,263,Withdrawn - Pending,Approved,151408,2024-11-07 15:54:25.775528+00,Request rejected successfully.,test withdraw
757,224,Approved,Withdrawn - Pending,150076,2024-11-07 15:54:26.436394+00,"Attempt to withdrawn successful, waiting for approval",rejection test
758,263,Pending,Approved,151408,2024-11-07 16:38:07.755038+00,Request approved successfully.,-
759,263,Withdrawn - Pending,Withdrawn,151408,2024-11-07 16:38:08.203684+00,Request withdrawn successfully.,-
760,279,Pending,Withdrawn,150076,2024-11-07 16:38:08.417719+00,Request cancelled successfully,test cancel
762,247,Pending,Rejected,151408,2024-11-07 16:38:11.1106+00,Request rejected successfully.,test reject
763,263,Withdrawn - Pending,Approved,151408,2024-11-07 16:38:11.378907+00,Request rejected successfully.,test withdraw
764,224,Approved,Withdrawn - Pending,150076,2024-11-07 16:38:11.527595+00,"Attempt to withdrawn successful, waiting for approval",rejection test
765,263,Pending,Approved,151408,2024-11-07 16:39:55.038936+00,Request approved successfully.,-
766,263,Withdrawn - Pending,Withdrawn,151408,2024-11-07 16:39:59.382776+00,Request withdrawn successfully.,-
767,279,Pending,Withdrawn,150076,2024-11-07 16:40:01.211814+00,Request cancelled successfully,test cancel
770,247,Pending,Rejected,151408,2024-11-07 16:40:20.312563+00,Request rejected successfully.,test reject
771,263,Withdrawn - Pending,Approved,151408,2024-11-07 16:40:21.704012+00,Request rejected successfully.,test withdraw
772,224,Approved,Withdrawn - Pending,150076,2024-11-07 16:40:22.507703+00,"Attempt to withdrawn successful, waiting for approval",rejection test
773,263,Pending,Approved,151408,2024-11-07 16:44:29.991554+00,Request approved successfully.,-
774,263,Withdrawn - Pending,Withdrawn,151408,2024-11-07 16:44:33.056639+00,Request withdrawn successfully.,-
775,279,Pending,Withdrawn,150076,2024-11-07 16:44:34.144961+00,Request cancelled successfully,test cancel
777,247,Pending,Rejected,151408,2024-11-07 16:44:45.599957+00,Request rejected successfully.,test reject
778,263,Withdrawn - Pending,Approved,151408,2024-11-07 16:44:46.725996+00,Request rejected successfully.,test withdraw
779,224,Approved,Withdrawn - Pending,150076,2024-11-07 16:44:47.37865+00,"Attempt to withdrawn successful, waiting for approval",rejection test
780,263,Pending,Approved,151408,2024-11-07 16:44:50.970499+00,Request approved successfully.,-
781,263,Withdrawn - Pending,Withdrawn,151408,2024-11-07 16:44:55.320049+00,Request withdrawn successfully.,-
782,279,Pending,Withdrawn,150076,2024-11-07 16:44:56.645626+00,Request cancelled successfully,test cancel
784,247,Pending,Rejected,151408,2024-11-07 16:45:13.905188+00,Request rejected successfully.,test reject
785,263,Withdrawn - Pending,Approved,151408,2024-11-07 16:45:15.301562+00,Request rejected successfully.,test withdraw
786,224,Approved,Withdrawn - Pending,150076,2024-11-07 16:45:16.141105+00,"Attempt to withdrawn successful, waiting for approval",rejection test
787,263,Pending,Approved,151408,2024-11-07 16:45:48.932495+00,Request approved successfully.,-
788,263,Withdrawn - Pending,Withdrawn,151408,2024-11-07 16:45:52.714556+00,Request withdrawn successfully.,-
789,279,Pending,Withdrawn,150076,2024-11-07 16:45:54.909764+00,Request cancelled successfully,test cancel
791,247,Pending,Rejected,151408,2024-11-07 16:46:12.744499+00,Request rejected successfully.,test reject
792,263,Withdrawn - Pending,Approved,151408,2024-11-07 16:46:14.047203+00,Request rejected successfully.,test withdraw
793,224,Approved,Withdrawn - Pending,150076,2024-11-07 16:46:15.792285+00,"Attempt to withdrawn successful, waiting for approval",rejection test
794,263,Pending,Approved,151408,2024-11-07 16:49:14.204703+00,Request approved successfully.,-
795,263,Withdrawn - Pending,Withdrawn,151408,2024-11-07 16:49:16.550364+00,Request withdrawn successfully.,-
796,279,Pending,Withdrawn,150076,2024-11-07 16:49:17.84522+00,Request cancelled successfully,test cancel
798,247,Pending,Rejected,151408,2024-11-07 16:49:29.258622+00,Request rejected successfully.,test reject
799,263,Withdrawn - Pending,Approved,151408,2024-11-07 16:49:30.591489+00,Request rejected successfully.,test withdraw
800,224,Approved,Withdrawn - Pending,150076,2024-11-07 16:49:31.381197+00,"Attempt to withdrawn successful, waiting for approval",rejection test
801,263,Pending,Approved,151408,2024-11-07 17:03:55.239087+00,Request approved successfully.,-
802,263,Withdrawn - Pending,Withdrawn,151408,2024-11-07 17:03:55.931033+00,Request withdrawn successfully.,-
803,279,Pending,Withdrawn,150076,2024-11-07 17:03:56.165232+00,Request cancelled successfully,test cancel
805,247,Pending,Rejected,151408,2024-11-07 17:04:00.153574+00,Request rejected successfully.,test reject
806,263,Withdrawn - Pending,Approved,151408,2024-11-07 17:04:00.621442+00,Request rejected successfully.,test withdraw
807,224,Approved,Withdrawn - Pending,150076,2024-11-07 17:04:00.883376+00,"Attempt to withdrawn successful, waiting for approval",rejection test
808,263,Pending,Approved,151408,2024-11-07 17:27:31.027845+00,Request approved successfully.,-
809,263,Withdrawn - Pending,Withdrawn,151408,2024-11-07 17:27:31.437284+00,Request withdrawn successfully.,-
810,279,Pending,Withdrawn,150076,2024-11-07 17:27:31.619857+00,Request cancelled successfully,test cancel
812,247,Pending,Rejected,151408,2024-11-07 17:27:33.869008+00,Request rejected successfully.,test reject
813,263,Withdrawn - Pending,Approved,151408,2024-11-07 17:27:34.145016+00,Request rejected successfully.,test withdraw
814,224,Approved,Withdrawn - Pending,150076,2024-11-07 17:27:34.28843+00,"Attempt to withdrawn successful, waiting for approval",rejection test
815,30,Pending,Approved,140008,2024-11-07 18:17:15.7304+00,Request approved successfully.,-
816,28,Pending,Approved,140008,2024-11-07 18:40:01.315906+00,Request approved successfully.,-
817,224,Withdrawn - Pending,Withdrawn,151408,2024-11-07 19:07:53.831263+00,Request withdrawn successfully.,-
818,29,Pending,Approved,140008,2024-11-07 19:09:50.462532+00,Request approved successfully despite policy violation.,-
819,29,Pending,Approved,140008,2024-11-07 19:10:51.113279+00,Request approved successfully despite policy violation.,-
820,263,Pending,Approved,151408,2024-11-07 20:49:23.986476+00,Request approved successfully.,-
821,263,Withdrawn - Pending,Withdrawn,151408,2024-11-07 20:49:27.425702+00,Request withdrawn successfully.,-
822,279,Pending,Withdrawn,150076,2024-11-07 20:49:28.454766+00,Request cancelled successfully,test cancel
824,247,Pending,Rejected,151408,2024-11-07 20:49:39.088468+00,Request rejected successfully.,test reject
825,263,Withdrawn - Pending,Approved,151408,2024-11-07 20:49:40.219755+00,Request rejected successfully.,test withdraw
826,224,Approved,Withdrawn - Pending,150076,2024-11-07 20:49:40.90321+00,"Attempt to withdrawn successful, waiting for approval",rejection test
827,224,Withdrawn - Pending,Approved,151408,2024-11-07 23:29:17.861872+00,Request rejected successfully.,bye
828,382,Approved,Withdrawn - Pending,150076,2024-11-08 02:08:34.526012+00,"Attempt to withdrawn successful, waiting for approval",test
829,547,,Pending,150076,2024-11-08 02:10:10.447364+00,Request created successfully,what why leh
830,547,Pending,Approved,151408,2024-11-08 02:10:36.821056+00,Request approved successfully.,-
831,547,Approved,Withdrawn - Pending,150076,2024-11-08 02:10:58.105376+00,"Attempt to withdrawn successful, waiting for approval",test
832,389,Pending,Rejected,130002,2024-11-08 02:41:50.482512+00,Request rejected successfully.,bla bla
833,548,,Pending,150076,2024-11-08 04:44:56.309161+00,Request created successfully,backdate test
834,549,,Pending,151408,2024-11-08 05:05:20.562844+00,Request created successfully,test
835,446,Approved,Withdrawn - Pending,151408,2024-11-08 05:08:03.215528+00,"Attempt to withdrawn successful, waiting for approval",test withdraw
836,549,Pending,Approved,130002,2024-11-08 05:29:23.062527+00,Request approved successfully.,-
837,549,Approved,Withdrawn - Pending,151408,2024-11-08 05:29:45.21455+00,"Attempt to withdrawn successful, waiting for approval",lkwnef
838,263,Pending,Approved,151408,2024-11-08 05:38:12.33053+00,Request approved successfully.,-
839,263,Withdrawn - Pending,Withdrawn,151408,2024-11-08 05:38:16.509046+00,Request withdrawn successfully.,-
840,279,Pending,Withdrawn,150076,2024-11-08 05:38:18.703102+00,Request cancelled successfully,test cancel
842,247,Pending,Rejected,151408,2024-11-08 05:38:35.81999+00,Request rejected successfully.,test reject
843,263,Withdrawn - Pending,Approved,151408,2024-11-08 05:38:37.102664+00,Request rejected successfully.,test withdraw
844,224,Approved,Withdrawn - Pending,150076,2024-11-08 05:38:37.867352+00,"Attempt to withdrawn successful, waiting for approval",rejection test
845,263,Pending,Approved,151408,2024-11-08 05:53:58.70437+00,Request approved successfully.,-
846,263,Withdrawn - Pending,Withdrawn,151408,2024-11-08 05:54:03.026588+00,Request withdrawn successfully.,-
847,279,Pending,Withdrawn,150076,2024-11-08 05:54:05.260555+00,Request cancelled successfully,test cancel
849,247,Pending,Rejected,151408,2024-11-08 05:54:21.221197+00,Request rejected successfully.,test reject
850,263,Withdrawn - Pending,Approved,151408,2024-11-08 05:54:23.497958+00,Request rejected successfully.,test withdraw
851,224,Approved,Withdrawn - Pending,150076,2024-11-08 05:54:24.290657+00,"Attempt to withdrawn successful, waiting for approval",rejection test
852,554,,Pending,150076,2024-11-08 06:01:48.755451+00,Request created successfully,pending
853,263,Pending,Approved,151408,2024-11-08 06:21:20.793597+00,Request approved successfully.,-
854,263,Withdrawn - Pending,Withdrawn,151408,2024-11-08 06:21:23.445087+00,Request withdrawn successfully.,-
855,279,Pending,Withdrawn,150076,2024-11-08 06:21:24.85175+00,Request cancelled successfully,test cancel
857,247,Pending,Rejected,151408,2024-11-08 06:21:35.858199+00,Request rejected successfully.,test reject
858,263,Withdrawn - Pending,Approved,151408,2024-11-08 06:21:37.309284+00,Request rejected successfully.,test withdraw
859,224,Approved,Withdrawn - Pending,150076,2024-11-08 06:21:37.968335+00,"Attempt to withdrawn successful, waiting for approval",rejection test
860,263,Pending,Approved,151408,2024-11-08 06:24:17.762323+00,Request approved successfully.,-
861,263,Withdrawn - Pending,Withdrawn,151408,2024-11-08 06:24:22.037898+00,Request withdrawn successfully.,-
862,279,Pending,Withdrawn,150076,2024-11-08 06:24:23.775054+00,Request cancelled successfully,test cancel
864,247,Pending,Rejected,151408,2024-11-08 06:24:40.745+00,Request rejected successfully.,test reject
865,263,Withdrawn - Pending,Approved,151408,2024-11-08 06:24:42.505122+00,Request rejected successfully.,test withdraw
866,224,Approved,Withdrawn - Pending,150076,2024-11-08 06:24:43.291574+00,"Attempt to withdrawn successful, waiting for approval",rejection test
867,263,Pending,Approved,151408,2024-11-08 06:45:06.114725+00,Request approved successfully.,-
868,263,Withdrawn - Pending,Withdrawn,151408,2024-11-08 06:45:07.682156+00,Request withdrawn successfully.,-
869,279,Pending,Withdrawn,150076,2024-11-08 06:45:08.333121+00,Request cancelled successfully,test cancel
871,247,Pending,Rejected,151408,2024-11-08 06:45:19.357514+00,Request rejected successfully.,test reject
872,263,Withdrawn - Pending,Approved,151408,2024-11-08 06:45:20.450898+00,Request rejected successfully.,test withdraw
873,224,Approved,Withdrawn - Pending,150076,2024-11-08 06:45:21.101893+00,"Attempt to withdrawn successful, waiting for approval",rejection test
874,217,Pending,Rejected,130002,2024-11-08 06:51:09.782823+00,Request rejected successfully.,go away
875,263,Pending,Approved,151408,2024-11-08 07:03:26.889031+00,Request approved successfully.,-
876,263,Withdrawn - Pending,Withdrawn,151408,2024-11-08 07:03:30.633096+00,Request withdrawn successfully.,-
877,279,Pending,Withdrawn,150076,2024-11-08 07:03:32.456288+00,Request cancelled successfully,test cancel
879,247,Pending,Rejected,151408,2024-11-08 07:03:46.737116+00,Request rejected successfully.,test reject
880,263,Withdrawn - Pending,Approved,151408,2024-11-08 07:03:48.12152+00,Request rejected successfully.,test withdraw
881,224,Approved,Withdrawn - Pending,150076,2024-11-08 07:03:49.446934+00,"Attempt to withdrawn successful, waiting for approval",rejection test
882,263,Pending,Approved,151408,2024-11-08 07:07:26.310336+00,Request approved successfully.,-
883,263,Withdrawn - Pending,Withdrawn,151408,2024-11-08 07:07:30.007394+00,Request withdrawn successfully.,-
884,279,Pending,Withdrawn,150076,2024-11-08 07:07:31.265731+00,Request cancelled successfully,test cancel
886,247,Pending,Rejected,151408,2024-11-08 07:07:48.636522+00,Request rejected successfully.,test reject
887,263,Withdrawn - Pending,Approved,151408,2024-11-08 07:07:49.944233+00,Request rejected successfully.,test withdraw
888,224,Approved,Withdrawn - Pending,150076,2024-11-08 07:07:50.741552+00,"Attempt to withdrawn successful, waiting for approval",rejection test
889,263,Pending,Approved,151408,2024-11-08 07:18:36.428627+00,Request approved successfully.,-
890,263,Withdrawn - Pending,Withdrawn,151408,2024-11-08 07:18:39.693926+00,Request withdrawn successfully.,-
891,279,Pending,Withdrawn,150076,2024-11-08 07:18:41.45756+00,Request cancelled successfully,test cancel
893,247,Pending,Rejected,151408,2024-11-08 07:18:57.355003+00,Request rejected successfully.,test reject
894,263,Withdrawn - Pending,Approved,151408,2024-11-08 07:18:59.210528+00,Request rejected successfully.,test withdraw
895,224,Approved,Withdrawn - Pending,150076,2024-11-08 07:18:59.999868+00,"Attempt to withdrawn successful, waiting for approval",rejection test
896,263,Pending,Approved,151408,2024-11-08 07:23:46.457486+00,Request approved successfully.,-
897,263,Withdrawn - Pending,Withdrawn,151408,2024-11-08 07:23:50.223642+00,Request withdrawn successfully.,-
898,279,Pending,Withdrawn,150076,2024-11-08 07:23:51.996161+00,Request cancelled successfully,test cancel
899,567,,Pending,140880,2024-11-08 07:23:52.035387+00,Request created successfully,car repairing
901,247,Pending,Rejected,151408,2024-11-08 07:24:08.364838+00,Request rejected successfully.,test reject
902,263,Withdrawn - Pending,Approved,151408,2024-11-08 07:24:09.690079+00,Request rejected successfully.,test withdraw
903,224,Approved,Withdrawn - Pending,150076,2024-11-08 07:24:10.951168+00,"Attempt to withdrawn successful, waiting for approval",rejection test
904,567,Pending,Approved,140008,2024-11-08 07:24:14.930828+00,Request approved successfully.,-
905,567,Approved,Withdrawn - Pending,140880,2024-11-08 07:25:38.304075+00,"Attempt to withdrawn successful, waiting for approval",sorry car is fine
906,567,Withdrawn - Pending,Withdrawn,140008,2024-11-08 07:26:10.926535+00,Request withdrawn successfully.,-
907,263,Pending,Approved,151408,2024-11-08 07:28:01.1976+00,Request approved successfully.,-
908,263,Withdrawn - Pending,Withdrawn,151408,2024-11-08 07:28:04.936135+00,Request withdrawn successfully.,-
909,279,Pending,Withdrawn,150076,2024-11-08 07:28:06.653154+00,Request cancelled successfully,test cancel
911,247,Pending,Rejected,151408,2024-11-08 07:28:23.941616+00,Request rejected successfully.,test reject
912,263,Withdrawn - Pending,Approved,151408,2024-11-08 07:28:25.702533+00,Request rejected successfully.,test withdraw
913,224,Approved,Withdrawn - Pending,150076,2024-11-08 07:28:26.483977+00,"Attempt to withdrawn successful, waiting for approval",rejection test
914,263,Pending,Approved,151408,2024-11-08 07:31:01.164362+00,Request approved successfully.,-
915,263,Withdrawn - Pending,Withdrawn,151408,2024-11-08 07:31:01.626921+00,Request withdrawn successfully.,-
916,279,Pending,Withdrawn,150076,2024-11-08 07:31:01.879104+00,Request cancelled successfully,test cancel
918,247,Pending,Rejected,151408,2024-11-08 07:31:05.132305+00,Request rejected successfully.,test reject
919,263,Withdrawn - Pending,Approved,151408,2024-11-08 07:31:05.491191+00,Request rejected successfully.,test withdraw
920,224,Approved,Withdrawn - Pending,150076,2024-11-08 07:31:05.658077+00,"Attempt to withdrawn successful, waiting for approval",rejection test
921,263,Pending,Approved,151408,2024-11-08 07:32:38.643741+00,Request approved successfully.,-
922,263,Withdrawn - Pending,Withdrawn,151408,2024-11-08 07:32:39.084277+00,Request withdrawn successfully.,-
923,279,Pending,Withdrawn,150076,2024-11-08 07:32:39.284677+00,Request cancelled successfully,test cancel
924,247,Pending,Rejected,151408,2024-11-08 07:32:42.004822+00,Request rejected successfully.,test reject
925,263,Withdrawn - Pending,Approved,151408,2024-11-08 07:32:42.392334+00,Request rejected successfully.,test withdraw
926,224,Approved,Withdrawn - Pending,150076,2024-11-08 07:32:42.572008+00,"Attempt to withdrawn successful, waiting for approval",rejection test
927,263,Pending,Approved,151408,2024-11-08 07:35:27.205115+00,Request approved successfully.,-
928,263,Withdrawn - Pending,Withdrawn,151408,2024-11-08 07:35:31.504136+00,Request withdrawn successfully.,-
929,279,Pending,Withdrawn,150076,2024-11-08 07:35:32.789855+00,Request cancelled successfully,test cancel
931,247,Pending,Rejected,151408,2024-11-08 07:35:49.093743+00,Request rejected successfully.,test reject
932,263,Withdrawn - Pending,Approved,151408,2024-11-08 07:35:50.4134+00,Request rejected successfully.,test withdraw
933,224,Approved,Withdrawn - Pending,150076,2024-11-08 07:35:51.68368+00,"Attempt to withdrawn successful, waiting for approval",rejection test
934,263,Pending,Approved,151408,2024-11-08 07:40:12.170677+00,Request approved successfully.,-
935,263,Withdrawn - Pending,Withdrawn,151408,2024-11-08 07:40:14.04433+00,Request withdrawn successfully.,-
936,279,Pending,Withdrawn,150076,2024-11-08 07:40:14.855147+00,Request cancelled successfully,test cancel
937,576,,Pending,140880,2024-11-08 07:40:15.5367+00,Request created successfully,want to work outside
939,247,Pending,Rejected,151408,2024-11-08 07:40:26.667372+00,Request rejected successfully.,test reject
940,263,Withdrawn - Pending,Approved,151408,2024-11-08 07:40:28.029488+00,Request rejected successfully.,test withdraw
941,224,Approved,Withdrawn - Pending,150076,2024-11-08 07:40:28.833547+00,"Attempt to withdrawn successful, waiting for approval",rejection test
942,576,Approved,Withdrawn - Pending,140880,2024-11-08 07:41:11.456736+00,"Attempt to withdrawn successful, waiting for approval",will wfh another day
943,576,Withdrawn - Pending,Approved,140008,2024-11-08 07:42:25.173489+00,Request rejected successfully.,please wfh
944,263,Pending,Approved,151408,2024-11-08 07:49:11.780006+00,Request approved successfully.,-
945,263,Withdrawn - Pending,Withdrawn,151408,2024-11-08 07:49:16.059221+00,Request withdrawn successfully.,-
946,279,Pending,Withdrawn,150076,2024-11-08 07:49:17.801805+00,Request cancelled successfully,test cancel
948,247,Pending,Rejected,151408,2024-11-08 07:49:33.267621+00,Request rejected successfully.,test reject
949,263,Withdrawn - Pending,Approved,151408,2024-11-08 07:49:34.606795+00,Request rejected successfully.,test withdraw
950,224,Approved,Withdrawn - Pending,150076,2024-11-08 07:49:35.385811+00,"Attempt to withdrawn successful, waiting for approval",rejection test
951,525,Pending,Approved,140944,2024-11-08 07:55:05.181071+00,Request approved successfully.,-
952,263,Pending,Approved,151408,2024-11-08 07:58:39.459482+00,Request approved successfully.,-
953,263,Withdrawn - Pending,Withdrawn,151408,2024-11-08 07:58:42.786243+00,Request withdrawn successfully.,-
954,279,Pending,Withdrawn,150076,2024-11-08 07:58:44.599281+00,Request cancelled successfully,test cancel
956,247,Pending,Rejected,151408,2024-11-08 07:58:58.566171+00,Request rejected successfully.,test reject
957,263,Withdrawn - Pending,Approved,151408,2024-11-08 07:58:59.879518+00,Request rejected successfully.,test withdraw
958,224,Approved,Withdrawn - Pending,150076,2024-11-08 07:59:00.690717+00,"Attempt to withdrawn successful, waiting for approval",rejection test
959,576,Withdrawn - Pending,Approved,140008,2024-11-08 07:59:02.678591+00,Request rejected successfully.,please wfh
960,329,Pending,Rejected,140944,2024-11-08 07:59:31.357013+00,Request rejected successfully.,not enough people
961,263,Pending,Approved,151408,2024-11-08 08:01:10.469283+00,Request approved successfully.,-
962,263,Withdrawn - Pending,Withdrawn,151408,2024-11-08 08:01:12.289734+00,Request withdrawn successfully.,-
963,279,Pending,Withdrawn,150076,2024-11-08 08:01:13.088483+00,Request cancelled successfully,test cancel
965,247,Pending,Rejected,151408,2024-11-08 08:01:23.85942+00,Request rejected successfully.,test reject
966,263,Withdrawn - Pending,Approved,151408,2024-11-08 08:01:25.169087+00,Request rejected successfully.,test withdraw
967,224,Approved,Withdrawn - Pending,150076,2024-11-08 08:01:25.98018+00,"Attempt to withdrawn successful, waiting for approval",rejection test
968,263,Pending,Approved,151408,2024-11-08 08:04:42.686653+00,Request approved successfully.,-
969,263,Withdrawn - Pending,Withdrawn,151408,2024-11-08 08:04:46.835561+00,Request withdrawn successfully.,-
970,279,Pending,Withdrawn,150076,2024-11-08 08:04:48.634684+00,Request cancelled successfully,test cancel
972,247,Pending,Rejected,151408,2024-11-08 08:05:04.456703+00,Request rejected successfully.,test reject
973,263,Withdrawn - Pending,Approved,151408,2024-11-08 08:05:05.810308+00,Request rejected successfully.,test withdraw
974,224,Approved,Withdrawn - Pending,150076,2024-11-08 08:05:06.621888+00,"Attempt to withdrawn successful, waiting for approval",rejection test
975,263,Pending,Approved,151408,2024-11-08 08:38:05.082494+00,Request approved successfully.,-
976,263,Withdrawn - Pending,Withdrawn,151408,2024-11-08 08:38:07.349398+00,Request withdrawn successfully.,-
977,279,Pending,Withdrawn,150076,2024-11-08 08:38:08.362371+00,Request cancelled successfully,test cancel
979,247,Pending,Rejected,151408,2024-11-08 08:38:18.533187+00,Request rejected successfully.,test reject
980,263,Withdrawn - Pending,Approved,151408,2024-11-08 08:38:19.61267+00,Request rejected successfully.,test withdraw
981,224,Approved,Withdrawn - Pending,150076,2024-11-08 08:38:20.269314+00,"Attempt to withdrawn successful, waiting for approval",rejection test
982,588,,Pending,140001,2024-11-08 09:40:11.847389+00,Request created successfully,what why leh
983,588,Pending,Approved,130002,2024-11-08 09:41:05.862147+00,Request approved successfully.,-
984,588,Pending,Approved,130002,2024-11-08 09:51:05.422782+00,Request approved successfully.,-
985,547,Approved,Withdrawn - Pending,150076,2024-11-08 09:58:55.746716+00,"Attempt to withdrawn successful, waiting for approval",withdraw test
986,554,Pending,Withdrawn,150076,2024-11-08 09:59:05.422015+00,Request cancelled successfully,naur
987,589,,Pending,140894,2024-11-08 10:00:49.178431+00,Request created successfully,test
988,589,Pending,Approved,140001,2024-11-08 10:03:20.776467+00,Request approved successfully.,-
989,264,Approved,Withdrawn - Pending,140001,2024-11-08 10:10:56.078014+00,"Attempt to withdrawn successful, waiting for approval",test
990,590,,Pending,130002,2024-11-08 11:13:43.149772+00,Request created successfully,im the boss
991,590,Pending,Approved,130002,2024-11-08 11:14:04.766493+00,Request approved successfully.,-
992,591,,Pending,130002,2024-11-08 11:14:19.718012+00,Request created successfully,im the boss
993,592,,Pending,130002,2024-11-08 11:14:30.23163+00,Request created successfully,im the boss
994,593,,Pending,130002,2024-11-08 11:14:39.861469+00,Request created successfully,im the boss
995,594,,Pending,130002,2024-11-08 11:15:17.022799+00,Request created successfully,im the boss
996,595,,Pending,130002,2024-11-08 11:15:26.479386+00,Request created successfully,im the boss
997,596,,Pending,130002,2024-11-08 11:15:34.384313+00,Request created successfully,im the boss
998,596,Pending,Approved,130002,2024-11-08 11:15:39.734222+00,Request approved successfully.,-
999,595,Pending,Approved,130002,2024-11-08 11:15:44.212984+00,Request approved successfully.,-
1000,594,Pending,Approved,130002,2024-11-08 11:15:46.858184+00,Request approved successfully.,-
1001,593,Pending,Approved,130002,2024-11-08 11:15:49.194244+00,Request approved successfully.,-
1002,592,Pending,Approved,130002,2024-11-08 11:15:51.961714+00,Request approved successfully.,-
1003,591,Pending,Approved,130002,2024-11-08 11:15:54.421765+00,Request approved successfully.,-
1004,448,Pending,Withdrawn,151408,2024-11-08 11:56:25.756631+00,Request cancelled successfully,testcvweiuy
1005,445,Approved,Withdrawn - Pending,151408,2024-11-08 11:57:21.621822+00,"Attempt to withdrawn successful, waiting for approval",test
1006,263,Pending,Approved,151408,2024-11-08 11:59:14.416716+00,Request approved successfully.,-
1007,263,Withdrawn - Pending,Withdrawn,151408,2024-11-08 11:59:16.677391+00,Request withdrawn successfully.,-
1008,279,Pending,Withdrawn,150076,2024-11-08 11:59:17.695719+00,Request cancelled successfully,test cancel
1010,247,Pending,Rejected,151408,2024-11-08 11:59:28.52175+00,Request rejected successfully.,test reject
1011,263,Withdrawn - Pending,Approved,151408,2024-11-08 11:59:29.588649+00,Request rejected successfully.,test withdraw
1012,224,Approved,Withdrawn - Pending,150076,2024-11-08 11:59:30.224617+00,"Attempt to withdrawn successful, waiting for approval",rejection test
1013,599,,Pending,150065,2024-11-08 13:07:56.950029+00,Request created successfully,Test approve recurring by batch
1014,602,Pending,Approved,151408,2024-11-08 13:08:24.045195+00,Request approved successfully.,-
1015,603,,Pending,140911,2024-11-08 13:14:02.562169+00,Request created successfully,Testing
1016,263,Approved,Withdrawn - Pending,150076,2024-11-08 13:14:09.006902+00,"Attempt to withdrawn successful, waiting for approval",bye
1017,603,Pending,Approved,140944,2024-11-08 13:21:40.478188+00,Request approved successfully.,-
1018,604,,Pending,140911,2024-11-08 13:26:47.91678+00,Request created successfully,Testing
1019,604,Pending,Approved,140944,2024-11-08 13:27:01.929129+00,Request approved successfully.,-
1020,604,Approved,Withdrawn - Pending,140911,2024-11-08 13:29:58.761393+00,"Attempt to withdrawn successful, waiting for approval",Testing
1021,605,,Pending,140911,2024-11-08 13:32:13.37378+00,Request created successfully,Testing
1022,605,Pending,Withdrawn,140911,2024-11-08 13:33:40.545071+00,Request cancelled successfully,Testing
1023,606,,Pending,140911,2024-11-08 13:36:13.362196+00,Request created successfully,Testing
1024,263,Pending,Approved,151408,2024-11-08 13:37:10.216743+00,Request approved successfully.,-
1025,263,Withdrawn - Pending,Withdrawn,151408,2024-11-08 13:37:14.503909+00,Request withdrawn successfully.,-
1026,279,Pending,Withdrawn,150076,2024-11-08 13:37:16.210183+00,Request cancelled successfully,test cancel
1028,606,Pending,Rejected,140944,2024-11-08 13:37:23.602266+00,Request rejected successfully.,Testing
1029,247,Pending,Rejected,151408,2024-11-08 13:37:33.432196+00,Request rejected successfully.,test reject
1030,263,Withdrawn - Pending,Approved,151408,2024-11-08 13:37:34.751172+00,Request rejected successfully.,test withdraw
1031,224,Approved,Withdrawn - Pending,150076,2024-11-08 13:37:35.545721+00,"Attempt to withdrawn successful, waiting for approval",rejection test
1032,263,Pending,Approved,151408,2024-11-08 13:39:16.043569+00,Request approved successfully.,-
1033,263,Withdrawn - Pending,Withdrawn,151408,2024-11-08 13:39:19.293122+00,Request withdrawn successfully.,-
1034,279,Pending,Withdrawn,150076,2024-11-08 13:39:20.575734+00,Request cancelled successfully,test cancel
1036,247,Pending,Rejected,151408,2024-11-08 13:39:37.419493+00,Request rejected successfully.,test reject
1037,263,Withdrawn - Pending,Approved,151408,2024-11-08 13:39:39.27028+00,Request rejected successfully.,test withdraw
1038,224,Approved,Withdrawn - Pending,150076,2024-11-08 13:39:40.065287+00,"Attempt to withdrawn successful, waiting for approval",rejection test
1039,263,Pending,Approved,151408,2024-11-08 14:06:56.36516+00,Request approved successfully.,-
1040,263,Withdrawn - Pending,Withdrawn,151408,2024-11-08 14:06:59.765183+00,Request withdrawn successfully.,-
1041,279,Pending,Withdrawn,150076,2024-11-08 14:07:01.508079+00,Request cancelled successfully,test cancel
1043,247,Pending,Rejected,151408,2024-11-08 14:07:19.380804+00,Request rejected successfully.,test reject
1044,263,Withdrawn - Pending,Approved,151408,2024-11-08 14:07:21.241212+00,Request rejected successfully.,test withdraw
1045,224,Approved,Withdrawn - Pending,150076,2024-11-08 14:07:22.067512+00,"Attempt to withdrawn successful, waiting for approval",rejection test
1046,267,Pending,Approved,140008,2024-11-08 14:19:20.314567+00,Request approved successfully.,-
1047,29,Pending,Approved,140008,2024-11-08 14:23:23.085222+00,Request approved successfully.,-
1048,601,Pending,Approved,151408,2024-11-08 14:23:58.619001+00,Request approved successfully.,-
1049,600,Pending,Approved,151408,2024-11-08 14:24:38.306881+00,Request approved successfully.,-
1050,263,Pending,Approved,151408,2024-11-08 14:26:04.256405+00,Request approved successfully.,-
1051,263,Withdrawn - Pending,Withdrawn,151408,2024-11-08 14:26:08.560662+00,Request withdrawn successfully.,-
1052,279,Pending,Withdrawn,150076,2024-11-08 14:26:09.365551+00,Request cancelled successfully,test cancel
1054,247,Pending,Rejected,151408,2024-11-08 14:26:25.949932+00,Request rejected successfully.,test reject
1055,263,Withdrawn - Pending,Approved,151408,2024-11-08 14:26:27.324234+00,Request rejected successfully.,test withdraw
1056,224,Approved,Withdrawn - Pending,150076,2024-11-08 14:26:28.140336+00,"Attempt to withdrawn successful, waiting for approval",rejection test